0.0017052698158923898,1.3600096442115847e-07,2.6070097564434767e-11,5.251732327465453e-12,6.12999975787288e-23,-1.9345401600131117e-15,-4.297725471762196e-24
0.001571249067146581,1.6537013803094167e-07,1.628182685197166e-11,2.998699894495942e-11,2.246842100264771e-22,1.1536521471477344e-14,6.233418323167035e-22
0.0015733038245118666,1.4385234146334847e-07,1.80760744459895e-11,1.1076685287901351e-11,-9.70176089697454e-23,6.712903349866806e-16,1.2309969124845885e-22
0.0019594506548886244,8.428846072029707e-08,5.4191276104090304e-11,8.648346757922875e-11,-9.674465232572369e-22,2.444203641042715e-14,-5.841003952689254e-21
0.0015879080512286284,1.580272177232456e-07,2.1050000924191806e-11,9.514373063892299e-12,-8.526412522554057e-24,-1.1133351443799006e-15,1.3437665368970393e-22
0.0015916648348996048,1.2633203359361515e-07,4.0312438269658516e-12,7.584854517570065e-11,-2.298726183983856e-23,2.6874602899562177e-14,-1.3260966450378503e-21
0.0015687198681685983,4.871056443801431e-08,5.703035845090968e-11,1.9202809312574188e-11,1.3876988056193245e-22,3.741261326782175e-15,-6.201408082716576e-22
0.001568382429029547,1.6714281650727527e-07,8.241371311877729e-12,6.770616246242458e-12,-5.6124130226460956e-24,-1.4434225084133245e-15,5.026334512109357e-23
0.0017080860643106633,1.0176868765128515e-07,7.884563100472603e-11,5.9131699756487365e-12,5.1455069164617856e-23,-1.262911291382474e-15,-1.1685159194609452e-22
0.0016491552137817083,1.1906925781975166e-07,2.6213606539484837e-11,1.9229902869179325e-12,-1.3504187688553826e-23,1.2235942029108288e-16,-2.0105038122267265e-24
0.0016105083348358891,1.258568025267229e-07,4.014889585955948e-12,7.857777601169842e-11,-2.418599520638907e-23,2.781499807719883e-14,-1.3954721811701778e-21
0.0014327559134183778,5.740478824268728e-08,1.5548378960490683e-11,7.936180049404758e-11,2.4681046965401014e-21,1.6800879781834125e-14,1.2962345820976022e-21
0.001439664439209875,5.416542920398238e-08,1.5237503102173553e-11,8.627926369056804e-11,2.402523986670851e-21,1.7585598499445946e-14,2.0036234362452392e-21
0.0015897796097512809,4.9749240140962913e-08,5.354587891562165e-11,1.2878291695071628e-11,-6.271778254680361e-23,2.222150410751772e-15,-3.3231536966016787e-22
0.001601268111077383,1.1205531678324368e-07,5.320291041714116e-11,8.402489575233013e-12,8.541674463567449e-23,-2.6112026304889413e-15,1.557742065902332e-22
0.001701230495302247,1.4336580768871646e-07,2.5683901087821486e-11,1.0771569100174774e-11,-1.42145066148461e-22,9.376648078965892e-16,-1.0906077802870549e-22
0.0016139295698924256,1.6067475071682328e-07,4.05297308273167e-13,1.0170727222632478e-11,-1.9906724749594957e-23,-2.9814529884238585e-15,5.489501398069175e-24
0.001636221294286702,1.6217178279777585e-07,1.907682079783847e-11,5.2909461760426743e-11,-9.327445225852876e-22,2.026423480878159e-14,-1.3984124550154809e-21
0.0016046696181427167,8.239283791464111e-08,2.115379412193665e-11,5.238340726196765e-12,-3.1537126170981265e-23,9.361393792852593e-16,-4.5233628816215705e-23
0.0016239835352860413,1.3097058161280068e-07,7.364784201477686e-11,2.327360131943066e-11,-6.196061330930743e-22,-3.3528008941569927e-15,7.379171561057425e-22
0.0016302333694376229,2.4392098991928313e-07,1.625695138395025e-11,4.230865546740095e-12,-2.401973350701243e-23,-5.193771715077778e-16,2.5578256798357904e-23
0.001622119328367266,9.56699466702621e-08,8.846218875426621e-11,8.460638471654845e-11,2.963758319392722e-21,2.6044995326451313e-14,6.692663359841596e-21
0.001616675947502915,1.4011569128572092e-07,1.0192623488289038e-11,4.033361727657589e-11,-7.626118511768079e-22,1.4074452494432341e-14,-2.9531283214465957e-22
0.0016328504478992964,1.1238052706941992e-07,4.5391256330876716e-11,2.0068160631266625e-11,-2.9201874267321526e-22,-6.270604877803787e-15,5.306415436884695e-22
0.0017355766798504342,2.271941819699106e-07,4.5109763332794256e-11,6.991068918514018e-12,8.019498285313676e-23,-3.08774491673155e-15,-9.477481663573585e-23
0.001613665796013624,7.339283232314193e-08,1.0896121995168882e-11,1.7118117390113214e-11,-2.3351697512968416e-22,3.8842490450551754e-15,-1.1228903741902901e-23
0.0015562056035888935,7.108741823510472e-08,3.5297070818946912e-12,1.2877860084555057e-11,-1.9115703882036268e-23,-1.841809207136372e-15,-8.469254167819213e-23
0.001637043483029277,9.360529269797624e-08,3.4715757575864696e-11,1.1691325011534456e-11,1.1630227434509154e-22,-3.4868766667435516e-15,2.048204199179006e-22
0.0015505282318345188,1.5101907437334207e-07,7.715627762499324e-12,2.32903219928344e-11,-5.525280094768447e-23,8.890403690862938e-15,-3.0728348205722996e-22
0.0016064782288288122,1.351357286158792e-07,5.072307997247226e-12,9.15232470141021e-11,6.03185059110918e-22,3.363722450292955e-14,-1.8774522381970904e-21
0.0015541970866792764,1.6703356512944e-07,7.662785162265293e-12,6.017214860332704e-12,-6.892857779313922e-24,-1.1725559442807801e-15,4.027328778992277e-23
0.001431477633069112,6.607448454704893e-08,2.4231583250151875e-12,3.1073678318275835e-11,2.4526418513287115e-22,4.357005448901132e-15,1.1202556689543618e-22
0.0015834240234506316,1.6588314246244168e-07,7.567799049007574e-12,7.63440371445741e-12,3.577074018036563e-23,-2.518325179341231e-15,4.56930638943963e-23
0.0016204384118125997,1.275080815750739e-07,7.77828922484673e-11,2.406027226267434e-11,-9.422038942247311e-22,-5.260865608795421e-15,4.423166407368565e-22
0.0016362939138577,1.5084007880378984e-07,1.2090731903957128e-11,5.002261113695129e-11,-9.470715280753903e-22,1.8440012031388544e-14,-7.851422323616171e-22
0.0015649190536343076,1.7761496712928172e-07,9.833664076585073e-12,1.5291932616364047e-11,-1.067516187844981e-22,5.848481613524977e-15,-1.5417014593702038e-22
0.0016399090044660696,1.0598795021084912e-07,7.706064686720871e-11,2.5005914345735077e-12,-1.25136240241543e-23,5.959734752171718e-16,3.2378026182375376e-23
0.0014427941750373373,6.085914587999296e-08,1.0949709503804123e-11,5.049961034469676e-11,1.0736765201834583e-21,9.50174730512564e-15,5.073195924748294e-22
0.0016161111774096893,1.2573761141487446e-07,2.1518790765133785e-11,1.6549389110252396e-11,-2.5576241959485416e-22,-5.7936893267117585e-15,-1.7922421850958773e-22
0.0016758651031957322,1.505616892538762e-07,2.0322728696763335e-10,3.995622049357302e-11,-1.0628534687333592e-21,5.562490483286794e-15,3.4400914349930906e-21
0.0016090788732091325,8.52068652181975e-08,3.450762378227973e-11,3.0954856403785604e-11,9.093166453779627e-24,7.330719088724693e-15,1.0116567298874465e-21
0.0015610058853914545,1.748766359275753e-07,4.579491420975732e-12,5.18860617398486e-12,-2.5292029318963276e-23,-7.928042567243154e-17,-5.45583532076861e-26
0.0016283091848097366,7.402361634165591e-08,1.0977522092279949e-11,1.677634541115503e-11,-2.2734230183976897e-22,3.986239824863546e-15,1.2136330371762783e-23
0.001941606327669907,1.941736269625734e-09,1.1696795118489177e-10,3.240376581230619e-11,-8.66730675635858e-23,1.008845143611225e-15,-1.9930417180596252e-21
0.0017084507036654883,1.2569841861969417e-07,2.1571092644996703e-11,8.019179950475309e-12,6.273762245715625e-23,-2.6480662157328375e-15,-8.478217620187543e-23
0.0015724147265434771,5.7633297436551314e-08,2.522792596064739e-11,1.3912824689845948e-11,-2.5304156836869596e-22,-7.2196340557067e-16,-6.253214154596925e-23
0.0016056258841337136,1.0545190568221726e-07,5.4848555466735765e-11,6.458369954934471e-12,1.1928685136097895e-22,-1.274389956353074e-15,2.3363795316473085e-23
0.001627005281735089,1.852705610970076e-07,6.299734088268329e-11,8.375042143650825e-12,-1.5691626292412388e-22,-1.1320667493468011e-15,-1.1128445675889055e-22
0.001654419346646236,1.1102444855102673e-07,2.1911920946283268e-11,1.611347961957496e-12,2.252290140974527e-24,-4.057174624863142e-16,-9.306001774169911e-24
0.0016252781159474148,1.3355633646212837e-07,1.8145204365996887e-11,7.309811832462684e-11,2.153105620808803e-22,2.6628958320774795e-14,-2.6534761145274374e-21
0.0016003551826847167,1.6464842416007722e-07,1.325950975714411e-11,3.71608138894726e-12,-2.0209640482860007e-23,5.923929191071358e-16,1.6492419707886457e-23
0.0016039550853869323,8.318257376462942e-08,1.951346411359196e-11,4.6161386597468305e-12,-2.2941748713302015e-23,1.0552370907338792e-15,-3.73242564996553e-23
0.001598614128945066,8.249260482321552e-08,2.3655142535921675e-11,9.997486662689624e-12,1.3471489340071143e-24,2.451719935600358e-15,-1.5373840184674172e-22
0.001598865789271494,1.2606668081875178e-07,5.119220506002108e-12,7.564105854882199e-11,-1.618335373066077e-22,2.6810367269650128e-14,-1.4796400850486434e-21
0.0016055560610463752,2.394717317313159e-07,1.9669882711541446e-11,1.5709013345241664e-11,-1.1811933503761718e-22,5.984888720120157e-15,-2.495983595500481e-22
0.00156634780047846,1.2915823986196163e-07,1.7252491008493386e-11,1.2371786790702222e-11,-1.5405046269139825e-22,-3.560440130824847e-15,9.454338501055591e-23
0.0019269375510890864,1.614362503500428e-08,3.6701909628649004e-11,1.0459793464097574e-11,-1.3757716939278055e-22,9.643617646477454e-16,-1.5189918927370571e-22
0.0018422144899128347,2.8776471499045196e-09,6.902381189139301e-11,1.2620619718294057e-11,2.8570761005861395e-22,-4.1422194328479186e-16,-2.3900567873083966e-22
0.0016334872646735197,9.905857099300046e-08,5.627119492772047e-11,1.056422208364163e-10,3.8288959629038875e-21,3.3233860292720773e-14,7.189096289254748e-21
0.0016290133984347656,1.0718348309128835e-07,2.8636569107062188e-11,2.3584539571935524e-11,1.0747743659338642e-22,7.289993404031636e-15,6.034200242719943e-22
0.001966477747502354,7.972811227762558e-08,8.1535032768113e-11,8.195242958978732e-11,2.631493340324552e-21,2.2465474039917594e-14,-6.1605889247572964e-21
0.0015895067811236081,1.5071182859376021e-07,1.0961089640121847e-11,1.0164840528562882e-11,-9.76248506832406e-23,3.3561336999603444e-15,-4.4514177308371583e-23
0.0016572752395460516,1.6930766076399524e-07,3.017476715021647e-12,2.3218714701092602e-11,-4.4698520288636695e-23,8.476972537428308e-15,-1.8913762098489618e-22
0.001643456441479891,1.615032558444341e-07,1.7963184367577165e-12,2.8721798264035715e-11,-1.1998554666696746e-22,1.057016010336307e-14,-1.6782459432355903e-22
0.0019891770767634085,6.012253209658002e-08,3.9667809225362164e-11,1.6637267751441157e-11,-1.1381183367158017e-22,4.01354831480594e-15,-4.1197575075520764e-22
0.0016066898334244509,1.2727770964385601e-07,1.0679904130995886e-11,7.468387665915528e-11,-3.396747230209548e-22,2.6546914409547948e-14,-2.081699455227438e-21
0.0016100730248061108,1.8564869337504633e-07,1.0552395302098103e-11,2.1376536435205335e-12,7.375909619059981e-24,-9.132924054905964e-16,-6.976622807868033e-24
0.0016224806268698897,1.349539830582706e-07,1.7078234640672706e-11,6.84031722761875e-11,2.0857386999851147e-23,2.5012604195720733e-14,-2.3378603729650877e-21
0.001623760519968914,1.7674917595921252e-07,1.4155850454970787e-11,3.741592526347365e-12,-1.88132921210904e-23,4.910793820628034e-16,1.968629654451908e-23
0.0016336939684121667,1.1888783407253432e-07,1.977809672975477e-11,2.8548706558504007e-11,-2.5086912201689116e-22,9.744206897341867e-15,-6.302870047986443e-22
0.0016215780858284741,2.3542981221114953e-07,1.3440656773287393e-11,5.9411921222086355e-12,-5.306444060692664e-23,8.997732515840112e-16,1.678088006146258e-24
0.0015899927755086813,1.8875586422759096e-07,2.093784847811666e-11,1.3234867654862959e-11,4.874949427805383e-23,5.225972776240625e-15,2.1485458074853445e-22
0.001594774870393933,7.997973114810886e-08,2.277298765833203e-11,1.094066739633289e-11,1.0920651880854489e-23,2.9656756166663615e-15,-1.723477536318563e-22
0.0015919032660102962,1.254498878901394e-07,2.0271291212936572e-11,1.5726421640786346e-11,-2.721388836273619e-22,-5.569233634932594e-15,-6.917285302839274e-23
0.0016073351488545345,1.2380060572507416e-07,3.953319537288249e-12,7.839191969978198e-11,-3.36461374366857e-23,2.754993536412189e-14,-1.3796178146417738e-21
0.0014230393317798892,6.335085804706599e-08,6.674976011646429e-12,4.2224364153820894e-11,6.30274175204345e-22,7.296345530833016e-15,3.2443479040991778e-22
0.0015711298428055984,1.4485401234991505e-07,1.7698311113407934e-11,9.325153282937877e-12,-8.993385788604299e-23,9.37571283260948e-16,7.914216797976653e-23
0.001602587199465396,1.9682117425747613e-07,7.761966395611941e-12,4.7260487878658515e-12,-2.667969299382262e-23,4.989519914953376e-16,1.0370059644276592e-23
0.0015764882475707979,5.003597230034991e-08,4.267761183054966e-11,1.1961812721746458e-11,-1.6385647814144124e-23,2.2365902912520065e-15,-2.6977140955407514e-22
0.0018639735543099921,2.2318493079759365e-09,7.653706603985713e-11,2.2852360739695845e-11,3.8164371334005033e-22,-4.703950696773263e-16,-8.762171662400986e-22
0.001440956681616618,4.975262503296215e-08,1.0324920872514609e-11,6.683449726377846e-11,1.571210196261711e-21,1.2545125546805585e-14,7.83388185057627e-22
0.0015594452325513593,1.6897402961114575e-07,7.82495799545539e-12,7.280478196567633e-12,-4.4294994592839994e-23,1.1781033520954784e-15,-3.2521363440300346e-23
0.0016146923776138534,1.1920604150097231e-07,3.955684336839172e-11,1.9789740431730273e-11,-5.287071786163425e-22,-6.744506908487852e-15,-1.6446087399042347e-22
0.0016302319583888626,1.2974117755289645e-07,1.5231359379115995e-11,3.920633259108785e-12,-1.2224249147653635e-23,-9.92154985728239e-16,2.772170629472171e-23
0.0017167656731653445,1.1416642930450484e-07,5.881113568574267e-11,5.219878949931368e-12,5.702490236264596e-23,-1.4447837983189046e-15,-7.150298859095896e-23
0.0015747649137609469,2.0735859735257462e-07,1.2233827646585182e-11,1.7046332113075497e-11,-4.916159851503632e-23,6.7931549414977205e-15,-2.4120676852352673e-22
0.001898223956777805,6.773736059813232e-08,9.818356286055515e-11,1.2655680963434386e-10,-6.136128114745907e-21,2.8270854532985127e-14,-1.2703042921952963e-20
0.001638000725207113,1.4781410006374682e-07,2.1031544394227685e-12,4.7251699170063154e-11,-4.601598270722156e-22,1.6817561662073993e-14,-1.006759195236072e-22
0.001959956117529288,7.785963844266116e-08,6.900782932613397e-11,8.01685319629465e-11,1.622436228370124e-21,2.182993505406517e-14,-5.737898266469729e-21
0.001634542033310814,1.3933994135602383e-07,2.0178343691287687e-12,5.325804230236878e-11,-5.51307695510796e-22,1.8479086284354403e-14,-2.96340382571171e-23
0.0015742444094675716,1.5389443140567856e-07,9.625568953650149e-12,1.5399966650566892e-11,-1.3155571551676525e-22,5.521739380320765e-15,-1.3359634835596976e-22
0.0015646935819643897,7.135946413177587e-08,1.1498112442223913e-11,1.514921737597241e-11,-1.8168745674101114e-22,-1.6503161807219873e-15,-8.345936851906173e-23
0.0015953271641898823,7.12584892742291e-08,1.8733642577293138e-11,4.064242193704991e-12,-2.9314071389373554e-23,5.154196004424475e-16,-1.9958422353821718e-23
0.0019611674212067307,9.392588308973932e-09,1.2789537418772261e-10,9.904622223189785e-11,2.280641409518583e-21,9.446756748381015e-15,-1.0911889326132288e-20
0.0016271136616924629,1.3288732393272123e-07,7.833072635490805e-11,2.3006543873173155e-11,-6.24979753543424e-22,-3.167569671547734e-15,7.505091346608223e-22
0.0016269812966266364,9.6296379085542e-08,4.5952317094103834e-11,8.201106596992045e-12,1.5883635601172034e-22,-1.5610767638626794e-15,1.0858552719677314e-23
0.0017090821711069424,1.0826234576802231e-07,5.244134911457767e-11,7.977387132736497e-12,-5.179909189627591e-24,-1.6124507633751243e-15,-1.630831051725775e-22
0.0016273762817582658,9.949323960835318e-08,8.813774052488414e-11,9.825373865227336e-11,4.14477832080119e-21,3.095240491514516e-14,8.149930606694646e-21
0.001724132418169376,1.5228651154601021e-07,3.196517558992159e-11,6.215545997745136e-12,5.637591714428609e-23,-1.9563157524407776e-15,-6.706267348694602e-23
0.0016052355080561748,1.7736270432068216e-07,1.924261307106219e-11,1.9157033690861675e-11,6.947559836315042e-23,7.616692121146621e-15,3.611895471836211e-22
0.001714119097990025,1.1614715036741416e-07,3.848075596588587e-11,5.543251512709537e-12,7.779591816691232e-23,-1.877152947755215e-15,-2.241119391137895e-23
0.0016344832663747401,1.4189277274593804e-07,8.038149352974548e-12,4.572990686595415e-12,-5.443130758914463e-24,-1.2374830442259202e-15,2.718588930000718e-23
0.0014379976967906773,7.103363446256596e-08,3.654119863275713e-13,2.1922808544926563e-11,6.157698263858076e-23,2.5387268155148906e-15,-7.639991534592737e-24
0.0019500364903890953,9.5894449342825e-09,1.559686549794728e-10,1.2801399108025543e-10,6.84870755993665e-21,1.2277536941318806e-14,-1.6741936901941783e-20
0.001576073899878933,1.7695999335996133e-07,2.1920456711378576e-11,2.589921232830001e-11,2.6510433208758726e-22,1.0360694658366757e-14,5.572526373865701e-22
0.0016247087219633419,7.729367098540012e-08,8.806994695207461e-12,3.360703830095041e-12,-4.166850006795986e-24,-4.104259957492701e-16,-1.7802347262505735e-23
0.0015995373455330703,1.225046538237265e-07,4.5194446528874196e-12,9.273970661182067e-11,6.645588313997164e-22,3.2446838290121203e-14,-1.778530371179085e-21
0.0017391388443247016,2.0754107234643556e-07,4.1891246544399684e-11,6.370972868232688e-12,8.13613990266956e-23,-2.8182680880474268e-15,-6.490853867060012e-23
0.0016391844068147387,1.144580711687796e-07,6.102644114668126e-11,1.1623836045152878e-10,5.145882037602396e-21,3.93252956148453e-14,8.328519556657334e-21
0.0015840451762578788,7.377695664302571e-08,2.5024805931971364e-11,1.404787378568235e-11,3.854237476534834e-23,3.6550078544099926e-15,-2.605559582582778e-22
0.0016133928823373277,1.2647956979798397e-07,7.619711227517703e-11,2.4179354523957605e-12,-2.840930465865638e-23,1.6114786663816022e-16,1.6433276285202513e-23
0.0016033325202327677,6.331864951235241e-08,6.232612071407088e-12,1.462384171477204e-11,-6.741575143645333e-23,1.321549611397938e-15,-1.2225805654520274e-22
0.0014286892855488375,6.589366381528944e-08,2.8269943221129255e-12,3.285626917566827e-11,2.8534960681681752e-22,4.889452318231234e-15,1.3728657047606598e-22
0.0014439812442891497,6.243141869358382e-08,2.520920508030458e-11,7.591692703150989e-11,2.5103515652225254e-21,1.7156880384956864e-14,2.1744245954220488e-21
0.0016383414277832474,8.355449888058701e-08,2.0251720611566485e-11,5.282017977165549e-11,9.45006076178461e-22,1.514914300200321e-14,1.4461654757748514e-21
0.0015739637337892276,1.2590866004352008e-07,7.015125721537823e-12,7.162642676496379e-11,-2.3966591373525243e-22,2.5221701259490902e-14,-1.5875756489734191e-21
0.0015620822401897693,1.7303403983583112e-07,1.6800402813547954e-11,2.166332442593469e-11,1.0661355571666203e-22,8.150577570879968e-15,3.9929482533254794e-22
0.0015581411362977247,1.6474584978450068e-07,1.0632925743510951e-11,6.0857775780630625e-12,-2.244477019612518e-23,-2.9559806409496983e-16,4.3507038333613547e-23
0.0015534100548344068,9.124292566006642e-08,3.013250530038819e-11,2.5865882548592675e-11,4.356055292778381e-22,6.650876649689467e-15,-5.759367969494235e-22
0.001650709666234284,1.1092003527575595e-07,3.381943135167688e-11,2.2380573479409794e-12,-1.9027317621537695e-23,2.1015423066555524e-16,4.133280805279869e-24
0.0016431827598197167,1.584977719086822e-07,2.3646252274219584e-11,6.325793156173108e-12,-7.675420958080437e-23,-1.1300967688277793e-15,9.715227512075627e-24
0.001982777308963897,1.0792795520366379e-07,1.1188142881077125e-10,6.12007114291912e-11,-4.865917188257765e-21,1.9821012928143662e-14,-1.4033207859584407e-21
0.001974521358380181,8.681797417338037e-08,1.3714159578766206e-10,8.405865491935457e-11,-7.26329416915067e-21,2.3908104038461465e-14,-5.3571751081962626e-21
0.0016219778547470372,2.4209594365692056e-07,1.423462762829365e-11,6.7465497549887194e-12,-6.366274949344346e-23,1.1668622056076556e-15,-1.7837036605337556e-23
0.0020299270297319478,1.0737031958920137e-07,1.731446877501761e-10,2.003323199128025e-12,3.299038476239133e-23,9.164709765294204e-17,1.742722656615242e-23
0.0016046626813711596,7.747599418139293e-08,2.261047711590614e-11,2.097579427225217e-12,-1.1117201677968608e-23,5.208693286096747e-16,-9.22389330908025e-24
0.0018783398488609348,1.559786042483901e-07,2.4357722213265636e-10,8.134208176308339e-11,1.0153443450104198e-20,3.101978533090959e-14,-5.29164414004723e-21
0.0018996646037097375,1.6489452249489802e-09,1.6432836368172577e-10,9.88938647499498e-11,6.498973851004608e-21,3.663677363650004e-15,-1.0802718026296072e-20
0.001700884364225579,9.995844639860196e-08,6.843107653085768e-11,6.887198904324599e-12,-4.795804123862609e-23,-8.476611624193227e-16,-1.4161696485375257e-22
0.0016826030093495309,1.1026743826707852e-07,8.696891574204879e-11,9.811339301926704e-12,-2.805476970354547e-22,1.2821796698087698e-15,5.858242654977241e-23
0.0015935865937026612,1.970096908218527e-07,8.633955207133721e-12,5.054808489218486e-12,-3.247889491297535e-23,9.913428625524331e-16,7.761913611393225e-24
0.0016327023494469583,1.289749714399989e-07,1.589286265681662e-11,8.007573676506044e-11,3.216843629768119e-22,2.869964590304679e-14,-2.838449801860187e-21
0.0016472828600999087,1.3966767448360985e-07,1.8402561036603977e-11,6.271527856382066e-12,-5.547421414107241e-23,-1.3142057041515212e-15,3.823624347956417e-23
0.0016198866421196344,9.735119677657567e-08,8.713858811530405e-11,7.064068891217103e-11,1.6874760126168873e-21,2.1175625934157144e-14,5.2791265466089065e-21
0.001635286190163301,1.0744008184137764e-07,1.8903022738379882e-11,1.804402907138559e-11,-2.2734836648492846e-22,-5.891933668006895e-15,-2.4365161176702095e-22
0.0016206846977196566,6.777801387823795e-08,8.893184138030038e-12,1.8291358124294157e-11,-2.286134576468692e-22,3.8256758000683795e-15,-4.648090058080616e-23
0.0015982582693343237,8.110266914446852e-08,1.9815463507747753e-11,6.859126712471019e-12,-2.258777053139804e-23,1.4142650478964952e-15,-7.670953856245311e-23
0.0014426738683945674,6.618888034747949e-08,4.098340334079155e-12,3.658759453602542e-11,3.9784581063387686e-22,5.7479097971625975e-15,2.0602783039963677e-22
0.0015717977596495084,1.8935078219897605e-07,8.822196713562967e-12,1.2014756259311808e-11,-6.793361684515683e-23,4.29279287341239e-15,-1.0337353481866318e-22
0.0016293065746657226,7.739611389490994e-08,2.2108409197711186e-11,9.678596214479682e-12,1.3098995583720894e-22,-1.2869506932132253e-15,-5.372246217126658e-23
0.0016355479141572549,1.1977518919460433e-07,3.1300210994639724e-11,1.751663332242623e-11,-2.908144186192284e-23,-6.003744367344872e-15,4.091242090340058e-22
0.0015983121944589365,1.2474552000105448e-07,8.658530487024124e-11,1.8882377083283836e-11,-6.371854708937937e-22,-5.720791273484337e-15,4.206206125776084e-22
0.0015775050896344284,6.89212803691749e-08,1.096838184911029e-11,1.1096803376826544e-11,-9.303014635774056e-24,-1.3950107379738155e-15,-1.2207045834345e-22
0.0014375917777497064,6.367331207714973e-08,2.08897625566015e-11,6.829248894784709e-11,2.0890740700602e-21,1.5305389479612243e-14,1.5130441851917094e-21
0.0016019679207890383,1.4863400099670288e-07,8.928500552992187e-12,4.961022817617166e-12,-3.012329945771254e-23,1.0192425158906917e-15,1.3518570600068093e-23
0.001632371936327549,7.940535005029093e-08,2.067270622643309e-11,5.527298850312848e-11,1.0423241610440801e-21,1.550160836103051e-14,1.5506290384962123e-21
0.0016286022101392767,8.091544552517325e-08,2.3424384309181013e-11,1.0666814915475999e-11,1.5040039200908647e-22,-2.522113541347528e-15,7.621964497576569e-23
0.0016932357383487554,1.4046290547366525e-07,4.299025144444842e-11,1.0354198665737509e-11,-2.104588650815744e-22,1.2087667813116898e-15,-5.855900656116987e-23
0.0015417064572207585,1.662980622403154e-07,6.444598092723078e-12,5.375115295229003e-12,-1.2916540050999318e-23,-5.4807250514824865e-16,2.8878892002995617e-23
0.0016303598874852052,1.162664507939595e-07,6.886629622519142e-12,3.404157744367887e-11,-3.4310803576166324e-22,1.113104183275878e-14,-3.9235592049469243e-22
0.001623120465044961,7.912847292347846e-08,6.877510677117414e-11,1.2005788349369956e-11,-3.429471942193685e-22,5.030313346869516e-16,3.745218556464762e-23
0.0015807669193281155,1.8265414410657012e-07,2.1580727218544625e-11,1.9625764296505403e-11,1.3620560636409383e-22,7.819302710363211e-15,3.802400965065647e-22
0.0016096237661683153,1.9284648743423737e-07,6.9558870683389755e-12,2.5527747945222082e-12,-3.616412379109308e-25,-3.0206009899620443e-16,1.0751014591062271e-23
0.0015646283372120961,6.539583612396829e-08,1.0892099182528628e-11,1.4684694639437177e-11,-1.7338841503350253e-22,-1.6259379016763875e-15,-6.6539477847529e-23
0.001617552906522872,8.430624893500623e-08,1.2801854003523881e-11,1.5952373684243367e-12,6.4618390651202636e-24,-4.620409106018056e-16,3.195961324560247e-24
0.0014417154598231276,6.57580671431751e-08,6.419653992534203e-12,4.337059772273463e-11,6.358900184372703e-22,7.361408407657583e-15,3.4548849180617894e-22
0.00164808181096756,1.2722875447449445e-07,1.0427772023986938e-11,4.250927293986346e-12,1.2018328793259768e-23,-1.305999219360888e-15,2.562378379817474e-23
0.0015482012323071845,1.6758417852429898e-07,6.4576921911384094e-12,6.018447298559388e-12,-3.617451419467772e-23,3.771398125598192e-17,9.958481122767508e-24
0.0016515506074129098,1.1795257337463755e-07,1.492871010510319e-11,2.6533639166801085e-12,1.6497770776657038e-23,-9.108409511998508e-16,-2.588549250962108e-24
0.0015563946445046755,7.60106456142858e-08,3.0224088927832164e-11,1.992321193242401e-11,2.272906853182361e-22,4.70268053811408e-15,-4.328479128496408e-22
0.001553022000211173,1.66852066336071e-07,7.698154927544216e-12,6.066301235225676e-12,-1.0005230754758006e-23,-1.084738772641399e-15,4.0229728813146284e-23
0.0019299852237325366,1.4391722368396388e-07,1.2133641269272818e-10,1.1326422224139302e-10,8.401407097981496e-21,3.8153847169008396e-14,-1.0282183253856751e-20
0.0015486927745137873,1.638279617332478e-07,5.227664959277684e-12,6.124792982885447e-12,-3.465362476695676e-23,7.204610397225755e-16,-4.838324016124469e-25
0.0016710290082827485,1.0823825052738116e-07,1.0259162193188767e-12,1.4962312543478173e-11,-5.753074602665487e-23,-4.250926656205177e-15,-1.1253786124311042e-23
0.0017234872842607826,1.3816465133128893e-07,3.357682343440977e-11,5.019924548393075e-12,5.365864989568212e-23,-1.7378246721140118e-15,3.698956147709532e-23
0.0016040080262440214,1.224358625224457e-07,3.2847253609878856e-11,1.7887090511292317e-11,-4.1970475649327625e-22,-6.195820255362567e-15,-1.0876922712666702e-22
0.001903752310017875,1.0605842458612704e-07,1.1063937489906952e-10,1.4687696724556178e-10,1.1679597879036055e-20,4.351456714587435e-14,-1.4633994956323562e-20
0.0016300355664743325,9.15823847004516e-08,6.103051060690255e-11,9.602607826745432e-11,3.295372617467005e-21,2.905922740567799e-14,6.571181387372915e-21
0.0016447628218887725,1.4685793844632947e-07,9.569913693642354e-12,5.9575723561259726e-12,-3.164596094509016e-23,-1.235668433388641e-15,3.197018526608801e-23
0.001609000654766529,1.1659261879625267e-07,2.679074482872741e-11,1.8505425600242572e-11,-2.944175731802738e-22,-6.266147975616043e-15,-2.8826468782005606e-22
0.0016276894591592303,1.4517813163147702e-07,1.1807709132159112e-11,4.414353605872699e-11,-8.878696169436279e-22,1.589953434914398e-14,-4.768555011258637e-22
0.0014351098353422758,6.100848160704724e-08,1.655235749890293e-11,6.281735286621656e-11,1.85521346650031e-21,1.3093909090084799e-14,8.131155299923473e-22
0.0019122803755912269,1.460224988116301e-08,2.8540005062794507e-11,1.4919943371779155e-11,-1.123455239366776e-22,1.2170909358367438e-15,-2.8664780771679275e-22
0.0016147944800757974,8.716082663923283e-08,7.803403652549191e-11,6.137690833358356e-11,1.02958908096768e-21,1.6929220653444167e-14,4.120988396476896e-21
0.0015414286015542383,1.5952213849459184e-07,7.280239120729878e-12,6.774060225676713e-12,-2.947005255905759e-23,-1.5471962624712125e-16,-3.7343794583532545e-23
0.0017272865391243432,1.1764086536736494e-07,6.67951932547591e-11,4.595183917934538e-12,6.886255308176611e-23,-1.391402182061885e-15,-4.1702831239389586e-23
0.0016050205459075245,7.80019015090209e-08,2.2887427865726013e-11,2.0918735520703374e-12,-1.0955061459038487e-23,5.254773049985346e-16,-9.460228008116154e-24
0.001641196977802024,1.2592861527063986e-07,7.18836627353281e-12,4.397121889415716e-11,-4.973026503570937e-22,1.3402392098130245e-14,6.0317745344510015e-22
0.0016402083438213,1.8030896140193852e-07,1.9338913341845727e-11,1.8742507718462177e-12,-4.235676330051093e-25,-6.498929224759887e-16,-1.1275904560252187e-23
0.0017179910928428917,2.070756753835821e-07,5.210968483708372e-11,1.973228386560888e-11,-5.914326782637546e-22,4.6207605781824066e-15,2.2487158544773035e-22
0.0016481037468588492,1.422410120968046e-07,1.14317386098288e-10,3.3322170928236783e-11,2.7085524481330264e-22,4.2266887480975526e-15,2.0387159194552203e-21
0.0015644075223115819,1.8928521836223688e-07,1.8449086475337194e-11,1.198651503933385e-11,2.6469969930767504e-23,4.419184433689018e-15,1.762725379693829e-22
0.0015654862414730833,5.082792962100157e-08,4.0804877640917176e-11,1.2757620191920256e-11,2.2080289771369616e-24,2.3848539573578593e-15,-2.910704030717345e-22
0.001584673658382821,1.8144357841798564e-07,1.929010683204341e-11,1.6326819765638665e-11,5.297640405701091e-23,6.3227326428358205e-15,2.848633371381701e-22
0.0016106981768600624,2.234398230855699e-07,8.962144595584246e-12,6.774525008557774e-12,-5.0613653842643375e-23,1.6463476644979047e-15,-1.4989674987519523e-23
0.0015900132192332868,1.9017857282375625e-07,2.090684457081294e-11,1.2208733614974619e-11,3.816096443070561e-23,4.785144706611492e-15,1.9128246705100282e-22
0.0016421109282588396,1.2632455265868668e-07,1.2788216116278875e-11,2.503956814955034e-12,8.990488031984172e-24,-7.647807626557699e-16,1.0951587351823609e-23
0.0015668767136212312,1.5531557587679303e-07,6.610697101954627e-12,1.4666731831249853e-11,-8.58877100067187e-23,5.338373130183498e-15,-1.161037630135519e-22
0.0019316338057875355,4.2534756980176835e-09,7.186475321168159e-11,2.965788880659003e-11,-1.5225701348747435e-22,5.679719014605611e-16,-1.3607125954958326e-21
0.001915271672782232,2.3660890063636494e-08,3.018466657422819e-11,1.4977203716982132e-11,-1.528391368376442e-22,1.7059409910218887e-15,-2.7937374101452907e-22
0.001442902365296425,7.338647988641827e-08,2.190155955205388e-13,1.9998836861264404e-11,3.0081738909768365e-23,2.187497391430456e-15,-2.910168502817899e-23
0.0016360955385761173,8.999197766032464e-08,4.2516579817039554e-11,8.101983532921948e-11,2.5221325969224426e-21,2.4161092172296398e-14,4.031191411319452e-21
0.0016974939187637992,1.2621004746682842e-07,8.936118867867882e-11,2.5990720780130637e-12,3.601579962392071e-23,-6.313878795346544e-16,-1.6486158068497722e-23
0.0019525427288446064,1.0517469588324176e-07,1.3856627411112432e-10,1.0564695880887774e-10,-1.166267245547318e-20,3.385141016447649e-14,-5.23194272979969e-21
0.0015560703392280785,1.6160791759347717e-07,9.214481312656338e-12,6.25609042522526e-12,-2.4796157897146702e-23,-2.4934534008382323e-16,4.0513735526729506e-23
0.00163357815644351,1.0103225130568453e-07,6.150079617736477e-11,1.0115431659478196e-10,3.913598872454032e-21,3.2151239145927294e-14,6.952622547317939e-21
0.001952990271541652,8.357917447898623e-08,1.6253340596088423e-10,7.443124471059646e-11,6.476577995848064e-21,2.1300512826156394e-14,-5.007450818159885e-21
0.0015375840307776454,6.077207753115833e-08,3.5347810374379944e-11,1.9500719661055635e-11,1.9983091434181814e-22,4.163264400531842e-15,-4.713769416266918e-22
0.0016447566469546954,9.023984197686621e-08,7.326106557991208e-11,1.3836076858845094e-11,-3.830502079576823e-22,1.607022124125972e-15,2.1753588150640506e-22
0.0016269125636524332,1.4632918285419764e-07,6.2272114827104245e-12,4.207618272187582e-11,-6.590517105942475e-22,1.4707141255743e-14,-1.7183596774699101e-22
0.001636836692876364,1.2872976661564193e-07,4.740210535837352e-12,3.129399087847819e-11,-2.255249175324075e-22,1.0689485062503604e-14,-3.0726215747174565e-22
0.0016442057448246429,1.2091409174730554e-07,8.547510314460182e-11,1.2766812046428256e-10,5.1401835633265175e-21,4.4388473738074574e-14,1.230618105774693e-20
0.001559051068995816,1.5479119184071284e-07,1.482357654268245e-11,3.515457547882941e-11,3.0275956527791995e-22,1.3261258073684578e-14,7.43206221528897e-22
0.001555377031104441,6.009943992337177e-08,3.468399030172841e-11,1.5438351842547145e-11,8.677948393098906e-23,3.2699385151607717e-15,-3.465446238013175e-22
0.0014401182893539859,5.347034440659068e-08,1.5288714438065263e-11,7.990546594178727e-11,2.0813949921220325e-21,1.624085794365294e-14,1.8622297431893137e-21
0.0017119409321119726,1.2654319060481074e-07,5.283081981542889e-11,5.0316236737846855e-12,5.665826751109246e-23,-1.4374605741932203e-15,-5.9327819979378e-23
0.0016504615913053005,1.1924579690663655e-07,1.3597451726525197e-11,2.943208194136006e-12,1.5859543356645976e-23,-9.716864639422476e-16,9.754396480885992e-24
0.0016702128060342113,8.363451195177354e-08,2.4740658562215746e-11,1.9193889327316758e-11,4.6263722133484445e-23,5.2667893719535744e-15,4.1569716898201887e-22
0.001621655840626744,7.857504475048224e-08,1.9554627918804616e-11,1.3039558117373476e-11,-3.53430626598146e-23,3.0250167786197713e-15,2.0519689815205165e-22
0.0015558707444885455,1.4596842543626123e-07,9.282166518919974e-12,3.4079491395571835e-11,9.11779955033031e-23,1.2327732153600321e-14,5.992309281706743e-22
0.0016275843443109249,1.3839400244446812e-07,9.75865206507552e-12,4.3768572915632287e-11,-8.882297829929143e-22,1.5059416918223553e-14,-1.711165032623475e-22
0.0016350296158487861,1.5182692028098772e-07,2.3703284133835815e-12,1.5112346764104863e-11,-7.972424906013934e-23,-1.7720258036149958e-15,4.272006331860725e-23
0.0016195889468915594,1.0446451918917096e-07,9.531194911912278e-11,1.1038884750031515e-10,4.5323899610900244e-21,3.548593074288218e-14,1.0376307180288931e-20
0.0016123208859872475,1.299304112335501e-07,4.385556277770988e-12,9.05370301558319e-11,4.8597709168224945e-22,3.26280668408321e-14,-1.7373743823174284e-21
0.0017249235492383724,1.5320118933319636e-07,8.776852564714393e-11,9.390067429153282e-12,-2.6916197233277214e-22,1.2270511113313963e-15,1.4836503228838198e-23
0.0017103400591932882,1.0902453069739936e-07,8.025971208955628e-11,6.190019314051658e-12,-3.4876392028551703e-23,-1.4518166756905247e-16,-1.334898716431823e-22
0.0016462287314135743,1.6220435822078514e-07,1.835922328003389e-12,3.1135002252626477e-11,-1.6006518891212767e-22,1.1474394597873078e-14,-1.7260004581864296e-22
0.0015725349506549623,4.8125791208175704e-08,4.534490352303576e-11,1.2240243720046483e-11,-2.445565943245965e-23,2.1796229337382213e-15,-2.873306368212959e-22
0.0019417312809388385,9.134526358215136e-08,6.797936053302255e-11,1.2399687991505095e-10,3.705315327533964e-23,3.2281957377878084e-14,-1.1384196229619536e-20
0.0015774772097333337,1.68121287853118e-07,1.5337527663107502e-11,2.62530437829743e-11,1.298583884295906e-22,1.0096103860930779e-14,5.1054562751302205e-22
0.0017180395569884543,2.0708869077789735e-07,4.780770419064597e-11,8.313449804084352e-12,1.5197803233240258e-22,-3.780770001066488e-15,-6.611812604988024e-23
0.001999643850191519,4.062318384885609e-08,6.123157364304675e-11,2.8997748246720837e-12,3.583188516388831e-23,2.2951282200187372e-17,1.446046385830148e-23
0.0016529215214051167,1.1980679820673156e-07,1.5287947316131573e-11,2.5579732891240727e-12,1.0213537285729034e-23,-8.096540211346311e-16,-1.2311139567669698e-23
0.001636606363172095,1.024687333197298e-07,2.8775846945465717e-11,2.5634410757238853e-11,1.2272351438736155e-22,7.698378985341273e-15,6.853225274624432e-22
0.0017083907287877072,1.2292465569652455e-07,2.608034519439266e-11,7.637737473695102e-12,4.679981213911054e-23,-2.2871166215122655e-15,-9.710723298216821e-23
0.0019325820562889964,9.855850942070285e-08,8.740439989404124e-11,1.4014620569410364e-10,3.8130024457187376e-21,3.630531775700027e-14,-1.5034988429560892e-20
0.0014355336649330003,6.72400804203061e-08,7.032025655241251e-12,4.471615675784532e-11,6.847784457933591e-22,7.902867403304113e-15,3.997780435346533e-22
0.0015467644232821393,7.128359505959855e-08,3.244656606740095e-11,2.214036255304481e-11,2.911711113130304e-22,5.082532766142687e-15,-5.170739970248867e-22
0.0016133343931666415,1.244458171384732e-07,7.133798776322279e-12,3.3356186262060244e-11,-4.371382702740968e-22,1.1095148614212373e-14,-2.714197894850847e-22
0.0017323299552694975,1.5492259024460793e-07,1.1084189724371543e-10,8.384079808406403e-12,-2.537434931175676e-22,7.407325432806186e-16,3.062429436642944e-23
0.0016140141619808421,2.1970992903471483e-07,7.245412499825161e-12,4.000535114226624e-12,-1.7156003030944736e-23,2.0735109967035394e-16,1.3021677572697363e-23
0.001643850410928935,1.1657889613019956e-07,1.3236142888286647e-11,1.7697889173437086e-11,-1.961963849265221e-22,-5.531329793376471e-15,-1.867571117581909e-22
0.0019615106541565784,9.083804456769434e-08,1.0422220751672871e-10,8.887836793065984e-11,-6.83272368230629e-21,2.5854164447290936e-14,-5.1465023150063685e-21
0.0015771629796881674,1.859379017604494e-07,2.110522872569835e-11,1.59226127741001e-11,8.309390935365657e-23,6.280890654367714e-15,2.798108664267928e-22
0.0015683143815114864,1.5226053637375093e-07,1.5246611765034052e-11,8.533712729442789e-12,-6.963989179394668e-23,4.621475934321298e-16,6.801076344062472e-23
0.0015610056768428624,1.5426704514635725e-07,1.3838388181497367e-11,3.6248073612486476e-11,2.8201585057991935e-22,1.3619927613726789e-14,7.612820449992322e-22
0.0016173436664079215,1.3735095708503861e-07,9.813205606659407e-12,4.2103210710903524e-11,-7.861987476776696e-22,1.4841614518108106e-14,-3.3809077728550393e-22
0.0015765425005134187,1.670410254733347e-07,7.59825469117997e-12,6.80207488267441e-12,1.0394619603182471e-23,-1.8491684906390356e-15,4.778361600071815e-23
0.0017131803440274655,1.9547224904747098e-07,5.265907729455502e-11,6.831278783191511e-12,5.352089369101915e-23,-2.717332120565879e-15,-1.1799471556086764e-22
0.0015594127651861966,1.6079669160819096e-07,1.4774506942355785e-11,7.553285585834929e-12,-3.085614189167069e-23,-2.7094757154865183e-16,7.358458570817862e-23
0.0016243606139425383,1.3820514908396325e-07,1.2491591296493575e-11,7.365075345061805e-11,-3.925563629446069e-22,2.727853588613001e-14,-2.1991953697864753e-21
0.0017122491083669499,1.6265364020769982e-07,1.9350107145467543e-11,8.22016510319215e-12,-4.516353591627071e-23,-9.576075848539545e-16,-9.331767860711365e-23
0.0015677546891318791,1.514122063830008e-07,1.1316253770857711e-11,8.634806275671154e-12,-5.770083919254945e-23,3.632208165354839e-16,6.28977884733302e-23
0.001935673165588486,1.5184607606216325e-07,1.6285710352800987e-10,9.39355403318479e-11,7.392466215287455e-21,3.2678670017268095e-14,-8.963250810237794e-21
0.0016345720923039908,1.550165579869365e-07,2.7837756859344807e-12,3.015036667888788e-11,-2.605101980018045e-22,1.081726339906e-14,-9.182722713847545e-23
0.0016236761044023424,1.2648089160799528e-07,6.244807413735544e-11,1.8347048974744623e-12,-1.820676102373263e-23,9.003498324507747e-17,7.361079951541225e-24
0.001436054815184541,5.424874011411354e-08,4.725726981557223e-12,5.1646648301734984e-11,7.221130811573557e-22,8.873455663147139e-15,3.599635867598423e-22
0.0016240859246087931,1.2278297860785164e-07,5.304591338836357e-11,2.09342544214248e-11,-6.965935104282167e-22,-6.645672843526823e-15,-3.763120349601954e-23
0.0016229548394879924,7.372306895881729e-08,1.8531974756919486e-11,1.0258049911838283e-11,1.3859483798979473e-22,-1.6051453658594562e-15,-2.82035035035386e-23
0.0016188866959600092,1.778674284865068e-07,7.0294930989634526e-12,1.8979994782528578e-11,-1.3367679436825755e-22,6.9026265880308365e-15,1.737632572559182e-22
0.001710918333196179,9.702428374676307e-08,7.886312058203329e-11,5.281938551221199e-12,1.6201009031574876e-24,-7.264696026353457e-16,-1.0778986952435151e-22
0.0016413812766187964,1.1788659090187305e-07,2.2615179388196893e-11,1.4165439523351264e-12,2.319930097652937e-24,-3.9729386208811037e-16,-7.674636514514083e-24
0.0015749731509064405,1.33902100004799e-07,2.6602409342733807e-11,1.2921209689387046e-11,-1.137739881062558e-22,7.437191503308039e-16,2.1081917010696705e-22
0.0015785492959222098,1.860508018916909e-07,7.679073145122149e-12,7.685544669188514e-12,-5.25450640212655e-23,2.1871831804145815e-15,-2.6926926856510024e-23
0.002052822676533838,6.341017892290485e-08,2.3910130117761995e-10,9.727243612669643e-12,-1.8820780331035353e-22,-2.425858104412376e-15,-4.297010538982388e-22
0.0019510753623213112,9.278092943394792e-08,7.0394549386611e-11,1.246539521347516e-10,7.930115239034765e-23,3.267676852730372e-14,-1.167665852339878e-20
0.0016154040109834177,1.2261219824007554e-07,7.722823920057091e-12,5.149932901505451e-11,-9.756746775403498e-22,1.727153115714911e-14,-3.207568702049429e-22
0.0014311877796205665,6.06624796493029e-08,2.2269412811631456e-11,7.036609885457165e-11,2.3052024276242647e-21,1.557185602708251e-14,1.5636254361602902e-21
0.0015832689189831848,1.4124344830276237e-07,3.870794324170583e-12,9.953763015513184e-12,-6.003253487154406e-23,-3.72232188266147e-15,-1.4609750088716852e-23
0.0015737243940313244,1.742984222700184e-07,1.846789007591957e-11,2.2721442232713225e-11,1.380403490029884e-22,8.832268952840146e-15,4.444975105687588e-22
0.0015399671214185217,6.941221352930209e-08,3.085846173529309e-11,2.4215444282508253e-11,3.588988110551994e-22,5.560984347003122e-15,-5.562110044183885e-22
0.001629176298917544,7.838225887171709e-08,1.6289302096106797e-11,1.2417724251858695e-11,-1.556965851740172e-22,2.5235565797125306e-15,-8.336376258791515e-23
0.0017226309241377647,2.0600159721756392e-07,6.107722692881474e-11,1.6907690097475403e-11,-5.0721262055668365e-22,3.8871613109884975e-15,1.9479757101435318e-22
0.0016354432526234104,1.3298875418490712e-07,1.6105749950666424e-11,7.746785024251005e-11,7.166070569635166e-22,2.8063767691036198e-14,-2.640856510610124e-21
0.0019590477246247072,9.475417149482682e-08,2.0579681117174273e-10,8.934308825866032e-11,-1.142107864372247e-20,2.718343259448714e-14,-4.040251540625488e-21
0.0017972861796601894,2.076559335414131e-09,4.5995547858698033e-11,2.240582219300444e-11,5.953909389576907e-22,3.5266235040030014e-16,-4.0357936701513904e-22
0.001660637303702443,1.2360462592292876e-07,1.7430153480637298e-11,1.4244359433505558e-12,5.694152804792483e-24,-4.904017929982123e-16,-4.2371399445751924e-24
0.0015711834056476265,1.5213338381071171e-07,8.271857115448414e-12,1.277477994753761e-11,-9.31686447825216e-23,4.56662275685954e-15,-9.254516712962613e-23
0.0015956162519543157,1.7408231238136142e-07,9.998198243922583e-12,7.2381950592158906e-12,-6.102065589578244e-23,2.0283570310026566e-15,-8.245781972190362e-24
0.0019278177330346404,1.9455159236105867e-08,4.9146215171861234e-11,3.180120237226534e-11,-6.1472397406680505e-22,3.03041674952943e-15,-1.0966812589145156e-21
0.0014334380992286856,6.072093130115789e-08,2.230526945119435e-11,8.381990839717038e-11,3.1781847810893423e-21,1.870145720177652e-14,1.7420431723596825e-21
0.00170388538109096,1.0530883289099272e-07,6.237100512690347e-11,6.934710660299092e-12,8.567192027431839e-23,-1.873989252745908e-15,-1.1601954552772805e-22
0.0015566038517271573,1.6561588992382274e-07,1.2654011012089899e-11,6.113712069335041e-12,-2.5412894233413568e-23,-1.8021857647675719e-16,4.7390058794959067e-23
0.0018740030737048208,4.651267318603239e-09,5.6840015188733416e-11,3.104716883260374e-11,2.2494153568169207e-22,5.4817585081716575e-16,-1.2847036664226707e-21
0.0015709965034958694,1.7084963450391278e-07,1.7551938341374477e-11,2.509029256743837e-11,1.6132676099720185e-22,9.706213511484667e-15,5.012035274075561e-22
0.0016171169321550737,9.387970090388322e-08,9.347313673505649e-11,7.445408242057412e-11,2.1440260403805308e-21,2.240958257026096e-14,5.829431919525333e-21
0.001899100991669051,3.6790791555286595e-09,6.101667869066657e-11,2.5347945335368454e-11,5.1319855527908264e-23,2.9215244318103114e-16,-9.955478915242403e-22
0.0015521077667919434,1.7308303310076998e-07,6.212956918168679e-12,5.337128754467276e-12,-3.041175061221054e-23,1.2513705535759576e-16,-4.434823525735133e-24
0.0015688398585478923,1.6070859207421633e-07,1.1253636665563197e-11,6.595799890051202e-12,-3.591784945917002e-23,1.586834200188601e-17,4.4035335348832305e-23
0.001913887295594129,7.361641910499202e-08,1.2779460888077422e-10,1.1012736088908174e-10,-9.15552566966397e-21,2.8421242367551145e-14,-9.320004213206724e-21
0.0015771859640621793,1.2602705254472008e-07,5.292030043072844e-12,7.380532590292233e-11,-5.189415328827412e-23,2.6072374979870824e-14,-1.457698387985807e-21
0.001600495780629337,7.317540763100224e-08,3.444054418258191e-11,7.086491466711543e-12,4.8393065682121513e-23,-1.039344276544962e-15,-9.957176382008869e-23
0.0016200058028960366,1.336668402458756e-07,8.240406588883062e-11,2.4464579103509348e-11,-6.372885316245417e-22,-2.8194675814419794e-15,8.94683933311055e-22
0.0018493372011865665,3.966681478159361e-09,2.671450443760696e-10,5.4921071716270227e-11,5.514583102683955e-21,-6.2353607914280795e-16,-3.720827237518418e-21
0.0015576233896429006,1.6764577999849494e-07,7.223535480284103e-12,6.360513053209508e-12,-2.583096027233471e-23,-8.232665411554867e-16,3.4518604569739025e-23
0.0016028587180663318,6.596219169700521e-08,1.481147783518483e-11,2.4045950008096265e-12,-1.1273649504749447e-23,-1.8069304443303904e-16,8.879020485195282e-24
0.0016332623113003522,1.0106520411570441e-07,6.107730768501061e-11,1.0009935769617633e-10,3.7905722394970155e-21,3.182164022626135e-14,6.84770806512305e-21
0.001965864928841859,1.5738740764237544e-07,1.3158907432427864e-10,1.0039835463558549e-10,5.626631238601278e-21,3.263557734862835e-14,-1.0075164589192866e-20
0.0019104021772216636,1.7660960328105771e-07,2.2913040871701072e-10,7.125462688776073e-11,7.518486612714044e-21,2.8137278546729483e-14,-5.1347968221411214e-21
0.0016073624173483193,1.6455497881587916e-07,8.022516986788736e-12,1.8086155716807134e-11,-1.2129616719643175e-22,6.368076059691552e-15,1.809685392582695e-22
0.0019332692524089475,8.488237325932956e-08,1.6749370399673132e-10,7.847944303471926e-11,6.960670113934291e-21,2.2573048176548436e-14,-5.7016027950658784e-21
0.002016361467807794,6.63908159178141e-08,4.8808365390185234e-11,5.1038870348519354e-12,-6.823740766430582e-23,1.230317275392374e-15,4.2812962941024466e-23
0.001428165238239622,6.139110844141426e-08,1.0813442777555514e-11,5.33607088332886e-11,1.14591213269923e-21,9.971644797700563e-15,5.743274906096964e-22
0.0016384565824236633,1.510893738593144e-07,3.875742720819465e-12,4.024961329191846e-11,-4.966684467365546e-22,1.441714338614689e-14,-7.772209309946074e-23
0.001644896960806756,1.1710136896040085e-07,2.5193933144477984e-11,1.3829031664000097e-12,-4.454789171611762e-24,-2.0949025825409436e-16,-6.839961939040307e-24
0.0017137353039835,1.296477695551002e-07,5.4431617785387353e-11,7.779436185056802e-12,-6.946364759702154e-23,-3.6024238490547077e-16,-1.4422785543402464e-22
0.0016328034228719956,1.4603190836165202e-07,1.1315695364761566e-11,4.891320435943632e-11,-9.214756536909675e-22,1.7893178051695578e-14,-6.892756627192893e-22
0.001561747189169281,5.241527380386014e-08,3.688572702720594e-11,1.2679087333238175e-11,1.5895286462212395e-23,2.4939759761964534e-15,-2.7373491412831184e-22
0.0016214493645294883,8.759218474165686e-08,1.3998549238822048e-11,1.1239437691404176e-12,3.824160999780065e-24,-3.1745920311761585e-16,-2.2915571127338194e-24
0.0016414999090934564,1.1884713036165432e-07,2.1105043663588715e-11,1.0088903631077376e-12,1.4850189598329782e-24,-2.8618229727590466e-16,-4.412218945599649e-24
0.001701458711654881,9.912582883496377e-08,7.485493887977634e-11,4.948890986684852e-12,2.8552951322765156e-23,-9.393856668301887e-16,-9.087126688955609e-23
0.0016409839209706508,1.3830151207815646e-07,5.176137209098669e-11,6.702940870968382e-12,-1.2450981391690943e-22,-8.258718180672078e-16,-9.258549185397115e-24
0.0016432778049317214,9.275640305472085e-08,7.327857608546768e-11,2.5265188464915643e-11,-6.052744355214625e-22,3.016862979196976e-15,9.030197456132194e-22
0.0018492288623929145,7.224650534164396e-10,9.601028724556917e-11,3.7709140769119706e-11,1.3457545065130775e-21,-5.915196556482578e-16,-1.8267927378687713e-21
0.0014451494079389324,6.108500053373725e-08,8.071448091532992e-12,5.045317209621871e-11,9.278538575492892e-22,8.963873056060991e-15,4.191667727880021e-22
0.0015513396378249913,1.66938158066837e-07,7.007228909381679e-12,5.428909540252218e-12,-1.2931262561787624e-23,-5.341330770495791e-16,3.088664941538656e-23
0.0019018590162161158,7.912464389507932e-08,2.1482094311225303e-10,1.214306973460566e-10,-1.5913073456980794e-20,3.4006077545489697e-14,-1.1463893745578595e-20
0.0020099935498762373,2.8798290068968623e-08,5.0832569091979386e-11,2.5432702697539592e-12,2.8717126601852785e-23,-6.422034589744175e-17,3.397766278188213e-24
0.0016463858608797375,1.5678405518200787e-07,1.435369515845506e-12,4.250667577448779e-11,-2.929484892489546e-22,1.5554722318365035e-14,-1.5626948632592887e-22
0.0017167059262691187,1.1608630692840465e-07,7.389195382855188e-11,5.541916291505295e-12,5.135693100874375e-23,-1.1995074612989414e-15,-9.969686499903342e-23
0.001654123399500586,1.1042485154836523e-07,2.23394710993646e-11,1.7404785950602307e-12,2.4100514262629567e-24,-4.603750723679603e-16,-1.0581760630452665e-23
0.0017080629988166344,1.3358000392867982e-07,3.223091726355647e-11,6.586542387718599e-12,7.904286863366617e-23,-2.1792153898577565e-15,5.442350229097171e-23
0.001717182367119291,1.4736532697952151e-07,5.7690302293464394e-11,1.0175564988197363e-11,-2.4567767940614103e-22,1.449973828021873e-15,-2.0614491358386876e-23
0.0016183468951611534,1.462434904860545e-07,1.156982166783236e-11,4.7825942500885166e-11,-8.966821749399738e-22,1.7437447528015295e-14,-6.794274979020599e-22
0.0015531316158483833,1.5873834784599678e-07,1.726788709821699e-11,3.2130642286894146e-11,3.059464359815494e-22,1.2169565815380613e-14,6.922350821308198e-22
0.0016013981212748328,1.7423285041973837e-07,6.613593831327905e-12,2.537929157130337e-11,-1.3633065826909422e-22,9.32040188036851e-15,2.9920975127651654e-22
0.0016357048098823456,1.201238285344919e-07,2.7683647249467188e-11,1.0969538015723955e-12,-2.1593988238446514e-24,-2.1875388557046515e-16,-5.6461190807624976e-24
0.0015941345290614523,1.2272428754913566e-07,3.968834102297553e-12,7.665319710564733e-11,-1.8573889658270963e-23,2.6793075067334065e-14,-1.3368570481109794e-21
0.001588558344087098,1.094314260514791e-07,9.049283413393362e-11,5.750261730970006e-12,3.1038421625471123e-23,-1.8438404261136676e-15,1.2744607433326244e-22
0.0015436835008867385,1.6361840184194636e-07,7.462279571474302e-12,5.359172263108719e-12,-1.7433570408111652e-23,-3.8613043017468166e-16,2.906302909485693e-23
0.0016316319573929845,1.2408578839317762e-07,1.1198617498968252e-12,1.5731416572661465e-11,-4.750293997889704e-23,-3.751723982285282e-15,-4.586157574269416e-23
0.0016736799463247035,6.035888280589284e-08,2.5674776717616525e-11,7.450878248934649e-13,1.5729802171821549e-24,1.6045398056182848e-16,2.8540926275912567e-24
0.0016297251741368504,7.357258501604035e-08,3.3645677403797005e-11,7.3667133809092e-11,1.5006755994026675e-21,1.9976659911693805e-14,3.3464682221155747e-21
0.001925773528550728,1.0036488871197165e-07,6.568175018850122e-11,1.5562612346938196e-10,1.6928640044943292e-21,3.6793878917085666e-14,-1.5642918672035075e-20
0.0015971126241426932,1.2256166732486344e-07,2.7436991733977673e-12,8.029854732797882e-11,2.2192478570605063e-22,2.8064279953823783e-14,-1.171029168092699e-21
0.0016422179210999668,1.3252846070160232e-07,9.824852380659295e-12,3.384102099791852e-12,5.906623514549247e-24,-8.502889815760462e-16,1.8597748771949246e-23
0.001568081934219868,1.2687603677612142e-07,6.613499598586658e-12,7.362385354147445e-11,-2.5537087173226326e-23,2.6037564536425238e-14,-1.6243881842172055e-21
0.0015786138904464956,5.104167335532549e-08,7.543568668595093e-11,2.4574747306793605e-11,2.383515529709928e-22,4.804899021285957e-15,-1.0308927779406936e-21
0.0014381225327276203,5.381443817261377e-08,3.70757610978294e-12,3.639391613612389e-11,4.120236578341345e-22,5.07341522200134e-15,9.464596651047934e-23
0.0016378829941057415,9.64224421279515e-08,4.9107150771002365e-11,1.0526658432862215e-11,1.8174319133352896e-22,-2.844510054424431e-15,1.5572786970005323e-22
0.0020078330286950655,7.07250585279563e-08,1.1201415316599625e-10,3.247130699863729e-12,4.5085815565357046e-24,6.202983663810857e-16,6.176352564252775e-23
0.001628443438820794,8.524215031357147e-08,6.173575835823619e-11,1.004126517519671e-10,3.3359576435259648e-21,2.93053716143539e-14,7.167605185755018e-21
0.0016433294118821922,1.4502507604006289e-07,2.1502248758495146e-12,1.597540371583021e-11,-8.163650366696082e-23,-1.670678357576422e-15,4.5850268662036757e-23
0.0016077801815690463,9.064477957884383e-08,7.687289370417542e-11,5.76120799064358e-11,1.0454329619259972e-21,1.6316992046474023e-14,3.6887604164390545e-21
0.0016118891938448772,1.2301670116297295e-07,3.8798930003001173e-11,1.8616899690412902e-11,-4.972095260805849e-22,-6.250533109619918e-15,-5.5940688606451e-23
0.001893210374835181,1.896436951537583e-08,2.633493980917528e-11,1.0887729393826149e-11,5.597445072446648e-23,1.1283249181895856e-15,-1.7565967787871186e-22
0.0016303874459959317,9.947733508318882e-08,2.6245695293928804e-11,1.2836246963093314e-11,7.31604351882835e-23,-4.031954497444148e-15,2.2395911370027053e-22
0.0017365279695049185,1.8022918281865577e-07,7.46688162442379e-11,1.0998776690326232e-11,-3.1391020993342734e-22,1.3119961306020816e-15,-2.8485446600015014e-23
0.0015567703896148498,7.63973097251748e-08,3.008027475543312e-11,1.982012625983136e-11,2.240690220108106e-22,4.686477769944889e-15,-4.289530377281975e-22
0.0016196872606741046,1.1939916859038612e-07,1.2425576348387293e-11,1.7591906792749775e-11,-1.1674078199220156e-22,-5.514644936147533e-15,-2.3242125707926196e-22
0.0018653206809469032,1.8013753368204748e-08,7.346672232791241e-11,1.489690482354802e-11,3.5553930465213766e-22,1.9490098714049496e-15,-3.412690357442939e-22
0.0016515602391097292,1.5526537417018847e-07,2.328079855575088e-11,6.099221036863708e-11,1.6321764713618818e-22,2.3897749776609655e-14,-2.292517131465615e-21
0.0016016893062479145,1.6951152017280035e-07,1.2897815843455392e-11,5.449231831923387e-12,-4.141388904410909e-23,1.0868384902136312e-15,1.9284391703990218e-23
0.0014549488964827337,7.892721996509834e-08,1.4236642249910503e-12,1.3696590429211004e-11,7.31130397329536e-24,9.053335802614459e-16,-6.003795134116156e-23
0.0015606649586166386,1.888698096873862e-07,1.7617768566260522e-11,1.2693505737136764e-11,3.7529984997317543e-23,4.710706270813742e-15,1.860755342719462e-22
0.0016405647162484535,1.6124525653951664e-07,2.2200320031093014e-12,3.4131220534789613e-11,-2.889689002156089e-22,1.2336508553622427e-14,-6.904558548184296e-23
0.0016689235774012116,1.2647100501257747e-07,1.0683631105242517e-11,2.3992943195169203e-12,1.1435573610569943e-23,-8.372203596207631e-16,-4.0973080192640755e-24
0.0016181083299507356,1.3364720803467313e-07,8.951955232022381e-12,4.417553318763648e-11,-7.942858751093938e-22,1.5443140206818564e-14,-3.7528156087539043e-22
0.0016297057253300538,1.0862580096240253e-07,5.270433828473418e-11,1.8703811041064348e-11,-2.356591385176351e-22,-5.896383712806669e-15,5.378846483429638e-22
0.001539143364229017,1.6445465812334362e-07,6.760325540686704e-12,5.883763631593102e-12,-2.99652693501727e-23,3.9677560426904993e-16,-2.188790722978078e-23
0.0015926606260253007,2.0512214887991613e-07,1.1044149045191105e-11,1.586449833518165e-11,-9.163214096208899e-23,6.174872825449175e-15,-1.8894649683788198e-22
0.0015988634936902543,7.514940553722844e-08,1.6233200697622645e-11,4.321677938476398e-12,-2.6848977913621035e-23,5.543429965801969e-16,-2.4277645440247217e-23
0.001599164663226304,7.546509679523221e-08,1.624226254074502e-11,4.323650383920933e-12,-2.680725440800884e-23,5.588830254365392e-16,-2.4375604597960628e-23
0.001622273928367066,7.016506866891615e-08,4.680046339710952e-11,6.604743174557953e-11,9.345749876447454e-22,1.7256436913385867e-14,3.551132942848927e-21
0.0019067330487567045,8.976722150774296e-08,1.1432413467807842e-10,1.2611348972198067e-10,9.541120054827682e-21,3.5686945869471646e-14,-1.1759115401454746e-20
0.0019579056758399944,9.340024046592672e-09,1.680492581764076e-10,1.0639805992604965e-10,4.732391113460937e-21,9.968771801792839e-15,-1.3417047359131623e-20
0.001619243482231199,1.0216257302143487e-07,4.609253319964054e-11,8.918986574921407e-12,1.6961571571974697e-22,-2.072698635803471e-15,6.271139719557262e-23
0.0015853440934322297,1.3761652410939674e-07,2.977517759898575e-11,1.316613472048737e-11,2.066298811558315e-23,-5.559252711180961e-16,2.598639369857684e-22
0.0016606475427049048,1.1514538361591273e-07,1.7744868126914632e-11,1.3553013273031322e-12,6.58585626355049e-24,-4.396692920539142e-16,-8.954801572901373e-25
0.0014433282043664261,5.374587535300865e-08,1.534160653127196e-11,8.731223489293965e-11,2.6030006969674198e-21,1.7809478775242835e-14,1.85365661872989e-21
0.0016280315517203377,8.410152271814288e-08,3.6363225825054395e-11,8.058576712819773e-11,2.2730006378837772e-21,2.3333138597415288e-14,3.723359889663544e-21
0.0016343240373364446,1.2725752858163293e-07,1.247285582014533e-11,2.4473942585020157e-12,1.3127192576217036e-23,-8.407520193075116e-16,3.243385834078852e-24
0.0016181205711898986,6.860224065992803e-08,1.1363956710405673e-11,1.2096480930276413e-11,-1.1163276163215362e-23,4.2378899395341894e-16,-1.4138516129786254e-22
0.0015907382944621734,1.2636790813407319e-07,6.765049890124373e-12,7.408716947488585e-11,-2.982004640736452e-22,2.6224968382875524e-14,-1.631605394632742e-21
0.0016306458772957066,9.445463230750854e-08,1.7735720012829758e-11,1.0116509336865494e-11,1.2446698605647386e-22,-1.586590315962394e-15,-5.358034251781924e-23
0.0016308377186008763,1.2049831748739418e-07,1.9233811153425086e-11,1.0981042972911002e-12,2.8721259158329516e-24,-3.381498042200162e-16,-4.1495744083907306e-24
0.0015904639742561617,1.326300111746468e-07,8.822490452839452e-11,1.7429299322116096e-11,-5.967126032234119e-22,-5.417676936875938e-15,3.3325182581407073e-22
0.0015761016936962809,6.425528110854279e-08,1.8544038865407733e-11,1.1806423875859762e-11,-1.0636232081732548e-22,-9.216842716980076e-16,-1.385831656419771e-22
0.0016338380224774787,1.3407719764948418e-07,3.5691030797073544e-12,4.007429659332541e-11,-4.37318993330127e-22,1.3696386680007592e-14,-1.9608642830372464e-22
0.00155370627610663,1.6979625616903397e-07,8.01809557028601e-12,2.6389323265354185e-11,4.370133643745286e-23,1.0505071773764957e-14,-3.8136882057253245e-22
0.001584827753299932,1.2700953847093165e-07,4.6495525053064944e-12,7.392137372999813e-11,-1.4852735191931602e-22,2.6191865786429704e-14,-1.362369469184353e-21
0.0016359513678017097,1.1401560277530839e-07,8.104858307705804e-11,1.176514379247638e-10,4.73583730651697e-21,3.971702351644774e-14,1.0467123036657768e-20
0.0016312778848347614,7.469657560702753e-08,3.39125804574598e-11,6.65461880542408e-11,1.1253507051664898e-21,1.8186238446073965e-14,2.9542138760614127e-21
0.0016042423410724967,1.2530754710149376e-07,3.175613251458842e-12,9.226986920013185e-11,8.2746351449825525e-22,3.265832241779842e-14,-1.3453404432121187e-21
0.0014453006912833212,5.225966309729865e-08,1.2061309484340579e-11,7.882715196682154e-11,1.9029813053442625e-21,1.552105578876692e-14,1.512088040515136e-21
0.0016075834282389323,2.0215807711532464e-07,1.0448644615156404e-11,7.937290223343179e-12,-6.221755761818272e-23,2.1645934033736655e-15,-3.6794844213764855e-23
0.0019640694584197073,1.286022275951717e-08,1.8064587111718137e-10,1.231304693794031e-10,6.905491668740571e-21,1.3706205608305873e-14,-1.7015962364999044e-20
0.0015975169900795034,1.7734600241264034e-07,2.0640631334008922e-11,2.0662595382383517e-11,1.225882278268139e-22,8.222078250840561e-15,4.087279786327557e-22
0.0019137763448031364,1.2166948648668458e-07,1.1776823562873607e-10,1.5974184776628262e-10,1.2859763387999397e-20,4.804173613477387e-14,-1.7739054656728775e-20
0.0015981141376935908,7.50359315616783e-08,1.653141014161083e-11,4.378076954925792e-12,-2.7498956740714025e-23,5.757882452371209e-16,-2.5121194975310214e-23
0.0016382736710898681,1.358505214864989e-07,5.785095409166133e-12,2.555105514020162e-11,-1.435378007430354e-22,8.955052244297154e-15,-2.754978435433741e-22
0.0019024490493402355,7.010240976983257e-08,1.2256004018079445e-10,1.245733067404451e-10,-1.0106912928881932e-20,3.144515128540479e-14,-1.1609582000804296e-20
0.0016495255678507987,1.1512329653121084e-07,1.5935592872510537e-11,2.0818149634058343e-12,1.1990764514351028e-23,-7.062809939208039e-16,1.6825188719467868e-26
0.001621164807712235,1.1374780556737928e-07,5.525324941125256e-11,1.7358366589033946e-11,-2.198948626383545e-22,-5.683633098993408e-15,4.905479573269201e-22
0.0015789389564502963,1.2567442549848786e-07,3.948595448791158e-12,7.612586666903247e-11,1.418286912547845e-22,2.6877699691050202e-14,-1.3121926249140187e-21
0.0014270444032603166,5.8160595937542885e-08,1.8637636740826768e-11,7.62270175745292e-11,2.5277088813863247e-21,1.6348818551161195e-14,1.3659056537835971e-21
0.001617831545110636,9.836728907906196e-08,9.135737290156628e-11,1.0512835825589476e-10,4.177227226861828e-21,3.260451630244127e-14,9.417891426660453e-21
0.0015863345423297941,1.4825483505660185e-07,8.684926029814133e-12,8.718079005128198e-12,-7.344096300196736e-23,2.7195028470975725e-15,-1.9005322809467874e-23
0.001637510103298758,1.242804643979466e-07,1.311217789085959e-11,2.4792832571532033e-12,1.3306983047734973e-23,-8.687447970883122e-16,4.7697789540815034e-24
0.0015948598399957515,7.987711916749202e-08,2.232365397529966e-11,1.0994299608996085e-11,1.1475813341614834e-23,2.976751732038108e-15,-1.7185726648075703e-22
0.0016023024930113873,1.2738179439113034e-07,3.857739675682848e-11,1.63330459377189e-11,-3.813302873330405e-22,-4.655070213088772e-15,1.5058002668841518e-22
0.0019342744107313696,2.035137010191909e-07,1.632510110621955e-10,6.785679719781808e-11,4.661778097888604e-21,2.5888194283492484e-14,-5.410688468216565e-21
0.0014341026403139417,5.8921283350681715e-08,2.4133171297092496e-11,8.152035086002024e-11,3.0332444098262302e-21,1.811869078735638e-14,1.9681335915358138e-21
0.0016411633592094185,1.1640287823786829e-07,6.016545034003142e-11,2.2374479035707297e-11,-7.966569543300592e-22,-6.989535566226473e-15,-1.9812624309151456e-22
0.0016554485793110099,1.3188253015254122e-07,1.0636810680246362e-11,2.3926558747888497e-12,8.767567489792321e-24,-7.778604440830443e-16,8.296220670013989e-24
0.0015861277352249461,2.210941476600043e-07,2.4574089931833662e-11,2.4300435879464833e-11,6.864244157265461e-23,1.0152221955871789e-14,-5.898461845399723e-22
0.0016111051894139566,1.2652650058883596e-07,3.941806249391853e-12,7.889109692346595e-11,-3.629852824422487e-23,2.79925718779858e-14,-1.3907265691528287e-21
0.0016048298315952123,1.281193356561758e-07,9.299870002004909e-12,7.415247837249461e-11,-3.536064781829512e-22,2.6455922715726722e-14,-1.914898533844599e-21
0.001598605507703408,1.5734075288412307e-07,2.189673559416553e-11,9.483804891123224e-12,2.432024165142196e-23,-1.7627546154442433e-15,1.3448564883318112e-22
0.0015467012047511255,1.659069405954165e-07,6.9669690704178665e-12,5.294688237610945e-12,-1.49017365009136e-23,-5.863100125771289e-16,2.849639026022893e-23
0.0016183712106670588,1.2887871248345833e-07,8.55604214648799e-12,4.8423989305482816e-11,-9.71355276818311e-22,1.642014578010358e-14,-1.6731806367323396e-22
0.0016140376469140046,1.032709893854007e-07,3.371133656818592e-11,1.1178591970821682e-11,1.5923433485628728e-22,-3.1991189668557495e-15,1.4742916414760667e-22
0.001565717483644417,7.462799089595598e-08,1.6646639211751428e-12,1.373161909670999e-11,2.8683284389785053e-23,-2.2147498586109062e-15,-5.905432671367706e-23
0.0016145265519975482,6.39986200268863e-08,4.674158211892193e-12,2.0985163626864312e-11,-2.0736408932515715e-22,4.2588896443165744e-15,-1.3993986075839728e-23
0.0019440115446859255,8.203464578631309e-08,8.218520267094796e-11,1.1433097568396287e-10,1.8942351386339326e-21,3.050720915798415e-14,-1.0919545483596876e-20
0.0015922431908173334,1.2712973227033965e-07,2.4847577324870042e-11,1.3962499411686839e-11,-2.3500083400785473e-22,-4.084443503806305e-15,1.113998600325275e-22
0.0015790107970133185,5.08797752834138e-08,7.458088377642441e-11,2.4517634395104578e-11,2.594378255139236e-22,4.825852699812481e-15,-1.0158040388588532e-21
0.0015925264489050214,1.6659069592863781e-07,1.1930884209879843e-11,8.192456372086322e-12,-3.627946050119904e-24,-1.502626325976495e-15,8.091357880744156e-23
0.0016270580484645614,1.3308674109287766e-07,1.722610813103793e-11,7.457725780329983e-11,6.156772481437443e-22,2.705246125620015e-14,-2.601155528148586e-21
0.001582476950777912,1.7486376344213096e-07,1.9157397860967737e-11,2.3237614368857414e-11,1.482875383406943e-22,9.152383050598828e-15,4.673306063510295e-22
0.0017105435593390392,1.6303155990369605e-07,1.3922531082677794e-10,1.1556730599237675e-11,-4.552489432611987e-22,5.726933061970281e-16,8.741763486136165e-23
0.0016064680808379782,1.7568966319865803e-07,1.3275268791128148e-11,1.6281637266155462e-11,-8.065169697947969e-23,6.077791464500262e-15,2.2537313757128338e-22
0.001935918113752786,1.2788993433100212e-07,8.72983834394728e-11,1.3647786305961242e-10,6.3466939429757084e-21,3.8294298545721715e-14,-1.34773007714746e-20
0.0016369888310882744,1.3260552853379188e-07,4.426519563234567e-12,4.968519351855642e-11,-7.328072050035693e-22,1.655593233351446e-14,7.696091228098305e-23
0.0018988348569450538,7.933917260506133e-08,7.825041060211589e-11,1.7957897317449278e-10,-6.835897837604645e-21,4.7156554820918426e-14,-2.0160160592664173e-20
0.0016290930439604823,2.1422780909860795e-07,9.089373502342811e-12,9.330371524740065e-12,-6.69564581552539e-23,3.234143553581161e-15,-5.384976224535844e-23
0.0015584174688111504,1.9438218112758952e-07,1.2311078651587237e-11,4.9091625615479134e-12,-2.1552525225667652e-23,1.0479055531068617e-15,3.149626975453149e-23
0.0016176501432847263,1.307868922361067e-07,8.570742958982315e-11,2.4425519558295126e-11,-8.108730450485877e-22,-3.6167450261423885e-15,7.690571182766938e-22
0.0015436017930925547,1.7096881171516292e-07,5.877782975330506e-12,5.15750634608397e-12,-2.7747568449060205e-23,-1.1156322068173438e-16,-6.0365267982914424e-24
0.0019287419132469176,1.0036930738997405e-07,6.897326130574496e-11,1.5391362677286936e-10,1.855192915905893e-21,3.682374331259685e-14,-1.574938716242605e-20
0.0016266351178098675,6.766206043317754e-08,1.3939266694200927e-11,1.1453538951238256e-11,4.244422699473415e-23,-2.901934143132278e-17,-1.3835627254474227e-22
0.001740384418503933,2.10180370242789e-07,7.00700038769237e-11,7.87503960169968e-12,-6.149660463066885e-23,-2.002243214101701e-15,-1.7446771956226515e-22
0.0016210861513343323,1.3443953958277828e-07,1.7027650089080375e-11,6.985919752214802e-11,1.2145060819058038e-22,2.551414430188421e-14,-2.406358411603323e-21
0.0016100876789546898,1.2249848700181827e-07,1.0358276574053083e-11,7.835480101561856e-11,-1.9155683770722994e-22,2.7357391004151588e-14,-2.2240123304306677e-21
0.001434725868473739,6.112937353859476e-08,9.995253493532699e-12,5.335881367311108e-11,1.1113349044846778e-21,9.863602138456508e-15,5.323777167135746e-22
0.0016373679241982893,1.3316362563954617e-07,4.0625367734204355e-12,2.9746179854101786e-11,-1.8383375448648515e-22,1.0275301815053531e-14,-2.704311700178876e-22
0.0014333191778538195,5.638740570022577e-08,2.3360699992970904e-11,8.413356573973638e-11,3.0068337524902073e-21,1.8182091170814952e-14,2.2070533194150134e-21
0.0016222599643028336,6.817929338999048e-08,1.3608719659826456e-11,1.1643403736946822e-11,2.188596795794749e-23,8.74498392070663e-17,-1.4492113426341426e-22
0.0015585114171591057,1.4634692295905852e-07,1.6978132157176004e-11,1.0325786910255548e-11,-5.370349788461708e-23,-8.09953072908067e-17,1.2573022630001972e-22
0.0015722766317117715,6.202584050481994e-08,2.7102766408038273e-11,1.2485683587511888e-11,-1.957935663788369e-22,-7.831114663571436e-16,-1.2007621119564962e-22
0.0016315897726824607,1.0351405629802288e-07,7.681225376175816e-12,1.6778215763643767e-11,-3.9124916727832553e-23,-5.007269546372674e-15,-1.864116070056739e-22
0.0017292861989225655,2.326647839697684e-07,4.20219500508792e-11,7.615689945804382e-12,1.29203672802205e-22,-3.671218943341641e-15,-4.321483355088851e-23
0.0015622410794924502,1.8523790754454757e-07,1.9529729285283408e-11,1.5339875181588402e-11,6.581445204068676e-23,5.8429847472754386e-15,2.572236527001858e-22
0.0016342094450263974,1.5683050864495452e-07,4.712106353274754e-12,3.4512446801848176e-11,-4.329645318308201e-22,1.2420069707907489e-14,-7.904039989751194e-23
0.0015457529044390354,6.107721715938602e-08,3.589749521590079e-11,2.009876194049452e-11,2.1396461828955143e-22,4.2955222559583055e-15,-4.956556409963047e-22
0.0015848335422084796,1.4361718407355037e-07,9.347122683455386e-12,5.899026260494118e-12,-4.14494607063393e-23,1.1187086206062284e-15,1.416667169773918e-23
0.0014401644611987427,5.3729708039287147e-08,2.0634936048866585e-12,4.186746516016456e-11,3.5268470575975967e-22,6.412615772373502e-15,1.6447155746570854e-22
0.0015617909118401565,1.4281925228465124e-07,1.7292797751444506e-11,1.0155388849684441e-11,-8.963087664470613e-23,6.926398825764535e-16,1.0038838263943965e-22
0.0015750251608512098,5.722015138061317e-08,2.3796953349362604e-11,1.1988346689723291e-11,-1.7222189415373563e-22,-7.912798164039201e-16,-1.0649446710968435e-22
0.001893605871210197,1.32596698199233e-09,2.1140287338646487e-10,9.702898584038365e-11,8.56167551930314e-21,2.2170181077901022e-15,-1.094588621172138e-20
0.0015645176334636384,1.371914181364386e-07,1.72042770877278e-11,1.1363734997123503e-11,-1.0266355630422493e-22,9.635483580813127e-16,1.212708103151234e-22
0.001598978269409964,1.0201019662695896e-07,1.5742134682681426e-11,8.196916011327712e-12,-4.2486578605944316e-23,1.317065929465592e-15,-8.285415149690155e-23
0.001617865590459395,1.0886502195335887e-07,9.833150263664718e-11,1.0792499100609777e-10,3.948833532048577e-21,3.5210272091030084e-14,1.0393179237093517e-20
0.0016064461006532992,1.73041754227512e-07,1.2057460569192754e-11,1.557482491594106e-11,-8.18457865315087e-23,5.6838631783025364e-15,1.9711708925703095e-22
0.00192776713003607,1.2277656047860123e-08,5.177278997631672e-11,2.752844168420639e-11,-4.459571961122733e-22,1.902559876518476e-15,-9.387111502514177e-22
0.0019549756634266407,1.7453403269012542e-08,1.1901429095262404e-10,6.466542600142778e-11,-6.278814101432709e-22,8.242641723843754e-15,-5.638080442314434e-21
0.001620313862721723,9.817326226142837e-08,3.5179748973775265e-11,1.1182272394481431e-11,1.7711563028931838e-22,-3.084507743097341e-15,1.334943675443284e-22
0.0015933557576948353,1.382748510624223e-07,3.194749619842648e-11,1.279280847012913e-11,-3.6682390977316877e-23,-3.60973047509878e-17,2.5600838615131223e-22
0.0015940005237237518,1.8940999132541645e-07,2.0566516337765624e-11,1.1374516390285702e-11,2.0748744678255878e-23,4.377868134461086e-15,1.7273044106467887e-22
0.0016063623552714217,1.3376891738610356e-07,1.5986221306627243e-11,7.044156088079699e-11,-4.0187086227273283e-22,2.562129197895994e-14,-2.329419526877293e-21
0.0016238218165308695,1.0214924884597e-07,7.74625223362338e-11,1.1086453663854833e-10,4.579622342585836e-21,3.52733992775587e-14,9.196728448026084e-21
0.0015989098754243974,2.198268031370758e-07,2.0490885734260017e-11,2.8223941317703763e-11,-5.1881344742807184e-23,1.1479103754491052e-14,-6.767595978212804e-22
0.001635015467069626,1.5365479628744922e-07,2.5401740401417446e-12,4.060276844886262e-11,-4.100987511261725e-22,1.453158401219705e-14,-4.3022275513294496e-23
0.001585747108604239,1.5022129863070777e-07,2.1085661743163384e-11,1.0496253918988049e-11,-1.0552428164056973e-24,-1.3690080821153464e-15,1.56147556750697e-22
0.0016331582812409325,1.321843853863316e-07,1.59658760245151e-11,7.596159841275894e-11,6.185452949732433e-22,2.743967161109252e-14,-2.572045766053675e-21
0.001456371073173806,5.2187347502029206e-08,1.4446894443706285e-11,9.796771972052429e-11,2.4105862659409156e-21,1.9001737655221236e-14,2.7879998717582006e-21
0.0018951106552182358,1.302175693429453e-08,2.505170882329105e-11,1.511138594073204e-11,-2.1011751192057946e-23,1.1249445758447742e-15,-2.932670630421103e-22
0.0015831495850145657,1.260465048077965e-07,7.079408953363816e-11,1.0160354053620164e-11,-1.1319045653030118e-22,-3.555701727287824e-15,2.478760748937368e-22
0.0019299948718988088,3.6302309311061295e-08,1.6541276030188372e-11,1.7803929188582836e-11,-3.144588206045342e-23,2.9656456461073355e-15,-3.039105832530534e-22
0.0019493443835982096,6.8682129119929764e-09,7.179310367624779e-11,2.5666854185238458e-11,-6.477526583429515e-22,1.551251328509353e-15,-8.912721808148055e-22
0.0016096510768522291,1.2749554474909736e-07,1.2185321744040391e-11,7.47627901944679e-11,-2.3038427451201146e-22,2.661194190851999e-14,-2.244767915055597e-21
0.0016385488991461567,1.4321651188096734e-07,1.0103063111587434e-10,2.965342984976275e-11,-4.037115268116168e-23,1.5830116561927736e-15,1.6225741279778427e-21
0.0015917240010909154,1.8612256901895403e-07,2.2030540138037692e-11,1.787371732463296e-11,1.1849314717932478e-22,7.229538724689749e-15,3.342996172086126e-22
0.0015939328127709145,1.5124112077378742e-07,1.321873010522267e-11,7.975526497575366e-12,-8.153794217145016e-23,2.389768107148405e-15,-7.591440457577489e-24
0.0016141836948075261,1.3658725186735408e-07,1.0869465023403093e-11,4.160281754477573e-11,-8.518090491545777e-22,1.4428802555863607e-14,-2.389293298654241e-22
0.0015884864577536445,4.81961878183916e-08,8.599765406298216e-12,5.191697863027996e-11,9.543658346613958e-22,1.1136682234418378e-14,5.4092442292832725e-22
0.001708143109891791,1.0904985067108192e-07,5.897893740781868e-11,6.326942964014205e-12,8.958837189384156e-23,-1.8433312666673744e-15,-8.313513444374608e-23
0.00193018214380599,1.0463479649734431e-07,9.030847248063149e-11,1.3365693470288564e-10,3.920481656033447e-21,3.507417456727452e-14,-1.415121009631585e-20
0.00164863408724445,1.358601444565309e-07,8.964696200029033e-12,5.2791993003912e-12,-4.755821775763631e-24,-1.4719515432678367e-15,3.600509457492433e-23
0.0016076691366224598,1.2473716371442154e-07,4.97355514191089e-11,1.9773256986563924e-11,-3.1576292855053064e-22,-2.794608344114978e-15,5.336650629193611e-22
0.0015967206592425297,6.768406422085416e-08,3.936075112990256e-11,8.077560754005897e-12,-8.006997433959027e-23,-3.173599811012451e-16,-1.1972197799517494e-22
0.0019636839373617767,7.594797241078965e-09,1.2623897649717696e-10,5.6471163122723197e-11,-2.9170618779891683e-22,4.921131735460195e-15,-4.759074778098493e-21
0.0016151757527741203,1.316210897038463e-07,1.1221148156856185e-11,1.6276164916279826e-11,-1.5441303790335848e-22,-5.408084725288357e-15,-1.566515147244159e-22
0.0017192592673028345,1.6566297879287318e-07,6.16033140547843e-11,1.5631614028085063e-11,-4.615227007165365e-22,3.613096060916174e-15,1.4930954135717407e-22
0.0014447884134308202,5.997643432745136e-08,3.030073883422905e-11,8.54897076804305e-11,3.2386010508912774e-21,1.9305478697124187e-14,2.9057504330126585e-21
0.001576033586675948,1.7801286311402562e-07,2.142687692510404e-11,2.3816421898924766e-11,2.135890864692133e-22,9.499941353494873e-15,4.938011851852934e-22
0.0016086716381301853,8.085434438087273e-08,1.966153363291342e-11,3.1898938536155928e-12,-2.415119907931697e-23,2.8243231503048037e-16,-7.409712472798125e-24
0.001628299611656208,1.0640360387782214e-07,2.86540918951937e-11,2.3691963784958904e-11,1.0597690738953157e-22,7.283399014129846e-15,6.0813304039016025e-22
0.0014252481468570995,6.287513416189389e-08,1.8060423748449292e-11,6.573374841961397e-11,2.0277767987882228e-21,1.4151646170707241e-14,1.0088780899950426e-21
0.0017306937878461886,1.5793600746562115e-07,8.07214755532264e-11,1.149324004461935e-11,-3.394579120283869e-22,2.1283600667375594e-15,8.555250633072319e-23
0.0017012359363402258,1.3265779624315592e-07,2.3340468630929378e-11,7.997316076302238e-12,7.027492649105186e-23,-2.7721106923769368e-15,-8.366439520695362e-23
0.0014531552900983154,5.1399570328591985e-08,1.2853762485211258e-11,8.294885393976495e-11,2.1047325506409843e-21,1.63139042400193e-14,1.7047394716716205e-21
0.0015893184220841163,1.7803809398448261e-07,1.9540873980993417e-11,2.230856792637607e-11,1.27762142659331e-22,8.75907018726602e-15,4.47913538670247e-22
0.0016024851707425796,1.287566760006799e-07,1.3442280364558858e-11,7.304831834564792e-11,-3.7758756433582945e-22,2.6104278973952466e-14,-2.2576744190964768e-21
0.0015996751515055994,1.2528823597682014e-07,2.4959588565638722e-11,1.6056229513232407e-11,-3.1716681345611197e-22,-5.609652114595901e-15,-5.2166475221819324e-23
0.0016087445342678722,1.4914258937027454e-07,1.2240585955824353e-11,5.197091543480774e-12,-3.8237040609770253e-23,1.1523585328777686e-15,1.600520790737584e-23
0.0016990925613899087,1.3600919460496787e-07,2.5930850807061274e-11,5.5068405762242216e-12,6.386739643464184e-23,-2.0273540188178077e-15,-1.585302551586455e-23
0.0019772060136500286,3.406471567823336e-08,3.4300356739461274e-11,3.951351180612776e-12,-3.670623332855784e-23,6.969701611699893e-16,2.7726327102788785e-23
0.0016363459749309103,8.061813848056294e-08,2.100456070277115e-11,5.583941199193969e-11,1.0790379530934849e-21,1.5752330018105174e-14,1.5788511648824359e-21
0.0016527920220267348,1.5393742112973085e-07,1.41116182771245e-10,3.103902029608397e-11,-8.454437989125294e-22,4.549511186333212e-16,1.872194410778708e-21
0.0016913063885943761,1.277477865271463e-07,2.5369856299609538e-11,5.416990835368386e-12,4.762052762507838e-23,-1.5525204215945687e-15,4.2011330257426217e-23
0.0015843003911332628,1.5537830319449374e-07,8.434379604215411e-12,8.727384703015057e-12,-7.382319666663027e-23,2.55108218991336e-15,-1.2522467813783418e-23
0.0016243742018306525,7.330003030905285e-08,1.7063686976603238e-11,1.0992579237720166e-11,-2.5050740835778217e-23,8.40964772912617e-16,-1.484530015567558e-22
0.0016270306925824387,7.598345362932601e-08,4.322078498175203e-11,4.8827632683053694e-11,5.430344764064592e-22,1.2743103379386141e-14,2.176355430023413e-21
0.0016169479320126488,1.1479354130459926e-07,6.795152696398117e-11,1.6403001976956267e-11,-3.07369558403608e-22,-5.274015459579593e-15,4.53231684051384e-22
0.002043704756869576,8.389557036421852e-08,1.70049799879305e-10,6.6898083137076615e-12,-1.627496932092021e-22,-1.921159212455318e-15,-1.5628238663681732e-22
0.0016136195286485027,8.059093284905038e-08,1.0945190459897414e-11,1.5141404891756152e-12,1.5479139668410803e-24,-3.6015765545878636e-16,5.966452825751626e-24
0.001611868419293895,2.3667145101358404e-07,1.0662030306913751e-11,7.032768550419453e-12,-5.674646489602119e-23,1.4696870651034697e-15,-2.210236792186801e-23
0.0016271051100381895,1.1501514342919047e-07,7.017486888093649e-11,2.748794820557259e-12,-2.81155848027194e-23,3.821894609893921e-16,2.5826613236537813e-23
0.0016964448095300498,1.6251301086402398e-07,1.3398705473692842e-10,1.1039387616652164e-11,-4.200732568435683e-22,4.297251185483838e-16,6.162632430618502e-23
0.001624724606803635,9.874688967521154e-08,3.06280808023746e-11,2.311210776993638e-11,9.916388774950768e-23,6.87888483920921e-15,6.068724596927661e-22
0.0016384475566438524,1.1053319303337282e-07,3.001235128020837e-11,1.4922141866854198e-11,5.426205777339016e-23,-4.9608326141214804e-15,3.110919656676464e-22
0.0016147369767463308,9.068958182288028e-08,3.480059607365688e-11,7.042571690250732e-12,1.6917334327942642e-23,5.348014850866905e-16,-1.0894732164504049e-22
0.0015827051863294929,1.8227369995712396e-07,1.9856448540848594e-11,1.639018690912965e-11,6.047352626971398e-23,6.356127442416008e-15,2.894330771240865e-22
0.0016029979658445078,1.9529000860073607e-07,8.319078439560135e-12,6.4263640487497525e-12,-4.6922593809788035e-23,1.515614416755906e-15,-2.475573970632912e-24
0.0016087549848469264,1.349945005371282e-07,1.6816287370420686e-11,6.841852200169818e-11,-2.6262354874317473e-22,2.5006295132048345e-14,-2.3058275765517655e-21
0.0016206337041254461,1.348246049323769e-07,9.645197222785298e-12,4.266547166598949e-11,-8.491264838623593e-22,1.4584728829375224e-14,-1.6758844014113963e-22
0.0016092631964151594,2.382441533993929e-07,1.082950528028273e-11,3.889878744768209e-12,-2.1078323909622998e-23,-1.1959925931359437e-16,1.3896446730717185e-23
0.0015966242874176878,1.3268326575226246e-07,1.3718967496805072e-11,7.022234028280975e-11,-4.9302381396540255e-22,2.5418447656375527e-14,-2.1230909179788267e-21
0.0016252870484157632,1.1942504677953475e-07,6.009376043963795e-11,1.9308095720387064e-12,-2.0162783207750123e-23,6.049314949745748e-17,5.101325537813645e-24
0.0016552178964387434,1.3084967091253388e-07,4.4742556364111626e-11,3.618489756111731e-11,1.209118903608653e-21,8.346104102154005e-15,8.110920256437674e-22
0.0016091458303822857,1.5163485408538134e-07,2.7380054558261596e-11,1.1367862444540993e-11,7.602381457335322e-23,-2.3702178144410917e-15,1.8558834838150791e-22
0.0017014140786756763,1.287610375019041e-07,1.3283081022443686e-11,8.161907769059166e-12,6.752629838466093e-23,-2.8930384239867193e-15,-5.1599142650576636e-23
0.0016097033995420233,1.3302421373149105e-07,1.5639275571016466e-11,7.103605065096851e-11,-8.58872502849753e-23,2.5823694437078764e-14,-2.3661409316306774e-21
0.0015691464230962867,1.7167969257599718e-07,1.7650519316422137e-11,2.449897408297604e-11,1.6072052025244095e-22,9.47386514434329e-15,4.834325715067101e-22
0.0015627911301729447,1.6982955096383836e-07,6.917375720393892e-12,7.214095539383286e-12,-4.7692416432404185e-23,-1.7983520900962596e-16,1.7958942555476137e-23
0.0017293267500517462,1.5499160464642556e-07,3.1041303829383064e-11,7.850336109803434e-12,-5.0073548507915646e-24,-1.3453414059723807e-15,-1.224445621724605e-22
0.001636538696515177,1.4775212707852204e-07,3.1877580197450417e-12,3.3920264711201685e-11,-3.32880193254792e-22,1.1951038056823932e-14,-1.1663189352070645e-22
0.0017024309078102493,1.2859911023647252e-07,2.4091330074723538e-11,5.066932336551831e-12,5.53175054923802e-23,-1.767032101850842e-15,8.599573250517149e-24
0.001969824100547929,8.642617663274147e-08,1.0117466854816851e-10,5.182204304952067e-11,-3.3246854936053838e-21,1.4199117112776997e-14,-1.739792807780885e-21
0.0016003690927110627,1.236863445058554e-07,7.208615080582612e-12,7.614436920204472e-11,-2.8292622505124617e-22,2.669957166406218e-14,-1.7613714335123344e-21
0.0015754557397291025,1.880041510800352e-07,2.0793566648275e-11,1.4085742923206909e-11,5.978655822574325e-23,5.508102326950155e-15,2.3353349638423503e-22
0.0015912448773627871,1.2667884774485562e-07,2.322371986230028e-11,1.4396366059708831e-11,-2.6229250450953e-22,-4.842472978089015e-15,2.2266829078692114e-23
0.0016266002743223638,1.043983382307783e-07,3.8267600577811505e-11,2.037805371694519e-11,-4.783624272034472e-22,-6.491123592255436e-15,-3.0822244218595476e-22
0.0016542230478223023,5.44328917846165e-08,8.352355778586848e-12,1.8989718823720182e-11,-1.0176418438001171e-22,4.373477480219885e-15,2.1642529878795123e-22
0.0016414492309918835,1.1595280143338772e-07,6.09547925101403e-11,1.1728298056909266e-10,5.347434013817398e-21,3.992543069598444e-14,8.351108777066864e-21
0.00157470233917469,7.341067273558432e-08,1.4815937560563228e-11,8.919128737869716e-12,4.940318952416753e-23,-1.3667991654023974e-15,-8.984204564289832e-23
0.001447158210214962,5.2841463987399285e-08,3.521864344483127e-12,5.207286463219282e-11,5.834729393655208e-22,9.194198864028542e-15,3.96038186630648e-22
0.0014339908468405048,5.9270066294530126e-08,2.3166381951852435e-11,8.75872475946478e-11,3.348876828576076e-21,1.9386918855929824e-14,2.0859436760939444e-21
0.001706593054479399,1.7845545344688505e-07,5.5900497644817594e-11,2.043693598230777e-11,-6.517293117199893e-22,4.971591893393236e-15,2.2892750630283876e-22
0.0016441490813824888,1.238151911788799e-07,4.574510906378662e-11,3.913394714851719e-12,-5.0680848498108113e-23,-5.775045299038974e-16,1.3155276771655796e-23
0.0017002046005953173,9.069810266737396e-08,8.559202241587306e-11,5.290964971717712e-12,-2.8032176069128398e-24,-4.341332510956814e-16,-1.1256006535128185e-22
0.0020500695429217786,8.567105754740582e-08,9.306849402019227e-11,1.8136469774031898e-11,-7.196507584528632e-22,-3.0536003149354658e-15,1.931773420124728e-22
0.0015987872195351435,1.6930886922650108e-07,1.2757542244481895e-11,2.0526820887276892e-11,-4.5880684867565264e-23,7.735074576548038e-15,3.289904825349972e-22
0.0016463271621971255,1.1672717212819554e-07,2.5196719078448488e-11,1.4757324333178778e-12,-4.088217533479224e-24,-2.596418506527696e-16,-8.016510635806126e-24
0.0017249688675950755,1.5463176624380637e-07,8.969301534922138e-11,9.343616828562557e-12,-2.7028869215236195e-22,1.1592193813163574e-15,1.0443889473524245e-23
0.0019256966017988197,8.053174373765297e-08,1.8829158188025198e-10,1.2351801305599598e-10,-1.6113698261284678e-20,3.4765291079957814e-14,-9.756019885618906e-21
0.0014226988810516926,6.307004288592992e-08,7.382226255517966e-12,4.3727177815267466e-11,6.911668363565206e-22,7.74804040542421e-15,3.735114863366423e-22
0.0018313827199988744,5.595525623046148e-09,7.927971175994779e-11,2.3494445129260056e-12,1.1741035456440253e-23,1.3413302132120776e-16,-2.9837909350117536e-23
0.0015749731509064405,1.33902100004799e-07,2.6602409342733807e-11,1.2921209689387046e-11,-1.137739881062558e-22,7.437191503308039e-16,2.1081917010696705e-22
0.0016427036509688978,1.1035992308979349e-07,3.0675407511198106e-11,1.7853485376424758e-12,-1.1628297826188561e-23,-8.83279823901823e-17,-6.2728443152418906e-24
0.0019307839717008233,1.0070845806269154e-07,6.850127408878088e-11,1.5581605218618037e-10,1.7328891022241973e-21,3.7063910115322634e-14,-1.6004298288501253e-20
0.001956540628896459,3.811534755158981e-09,1.0666279232822668e-10,5.4996712103743964e-11,-7.263468513793656e-22,3.1358923091667666e-15,-4.1491276128091365e-21
0.001720525775501614,1.2582286171195067e-07,4.2560545321107744e-11,5.050269706580649e-12,7.327636733948009e-23,-1.7818376401232925e-15,-1.0617146785287261e-23
0.0017011835904309305,1.0072490161637168e-07,6.761132662923826e-11,6.060121119093344e-12,-3.5255797910925245e-24,-1.029340326702778e-15,-1.2261743865707918e-22
0.0015747274885481123,1.6800266434588143e-07,1.6974575771717628e-11,2.793455728411129e-11,1.9817633978883693e-22,1.0844986462310426e-14,5.751046681498314e-22
0.0016097676142385162,1.404726914191354e-07,3.049540823048745e-12,1.4934613403249444e-11,-3.62391498451742e-23,-4.2995480846422766e-15,-9.40474123259178e-23
0.0016230930380701503,1.2902498688134708e-07,8.306248793380876e-12,4.887882814369781e-11,-9.734747664363471e-22,1.6427201049628298e-14,-1.4945552887847081e-22
0.0016593663240742982,1.4645670599349983e-07,9.035444309251382e-12,4.107506531401151e-12,-5.643971841866192e-24,-1.3509358553630286e-15,2.4378353353011977e-23
0.0016294302139683561,9.4974541008755e-08,6.352553634992973e-11,1.089172367268155e-10,4.0923551146245964e-21,3.354184651811921e-14,8.082870016991205e-21
0.0019547863610629105,4.795796408286871e-09,9.719296350775295e-11,2.829631173157353e-11,-8.733979636986925e-22,1.7332898007311311e-15,-1.1996714167397395e-21
0.001549526861563704,1.787118128919513e-07,1.8052004923637163e-11,1.7762145153097715e-11,8.48824682024777e-23,6.630803206005083e-15,3.065218335128226e-22
0.0014433570536787703,5.860816730711751e-08,1.1914544119754627e-12,2.6990668903522352e-11,1.5089723497743646e-22,3.0155040858841417e-15,-2.563427256865868e-23
0.0016332980367557886,1.3429543376735095e-07,1.1763425517608673e-11,7.001518538419814e-11,1.3930465740749727e-22,2.5557668816578733e-14,-2.0045138131352005e-21
0.0016872307097504703,1.244408543007186e-07,1.7926224435098557e-11,6.9867821699475504e-12,7.608448786361983e-23,-2.4608207812429563e-15,-1.80299857354128e-23
0.0015817152562743444,1.2851097490589135e-07,2.5955754308530253e-11,1.4793944405840635e-11,-1.696759101952714e-22,-2.999084738869276e-15,2.350531853367209e-22
0.0016053536284377035,1.2762033532491495e-07,5.2568577631276085e-12,7.505320092712582e-11,-1.991987245542822e-22,2.675084415223454e-14,-1.4774232676363903e-21
0.0016294576431486213,8.355330653684184e-08,3.410861896327207e-11,7.99353446759018e-12,-1.775335548398837e-23,8.901074641519006e-16,-1.3079038059477502e-22
0.0016131540794439452,1.3259788420820185e-07,1.1466852350737644e-11,7.411870085344066e-11,-4.445068686113607e-22,2.686135719811312e-14,-2.114581252129073e-21
0.0016227279757936404,8.188430899648578e-08,9.535292804746582e-12,2.437501309626482e-12,2.2173851853144146e-24,-4.571354141797432e-16,-1.15401573070176e-23
0.0017115609095557428,1.2942386487689598e-07,2.3898631738208986e-11,5.4898879469561686e-12,6.212545723896415e-23,-1.916038548519651e-15,9.729937612927336e-24
0.0015550831348079162,5.79353695333699e-08,3.392281368205064e-11,1.4195746740415391e-11,5.79696427656097e-23,3.0036245055670723e-15,-3.0607687369342136e-22
0.0015453508927854042,5.62411313323208e-08,3.693244453434054e-11,2.4129798294892387e-11,3.346823352944568e-22,5.233610928101168e-15,-6.378639041123551e-22
0.001896094848499951,7.338912699118021e-08,8.039135977007455e-11,1.2122314886770117e-10,-3.998168919924405e-21,2.529493651612659e-14,-1.1279283767066269e-20
0.0016687348652990736,1.2958924023003285e-07,1.731706570393322e-11,7.66753169372464e-12,1.5700815366497076e-23,-1.1587223716348132e-15,8.694658719638423e-23
0.0016226430480412184,9.021626333382068e-08,2.104700863112833e-11,1.0117857972895428e-11,-1.0683671340035364e-22,1.8919383446084308e-15,-1.0191122457456226e-22
0.001637316359831165,1.5082469821777762e-07,2.9811869865765264e-12,4.084834739781124e-11,-4.464069135935729e-22,1.458460957987374e-14,-6.257566864799539e-23
0.001647950579481168,1.749837777998794e-07,1.8545603943601198e-12,2.1901167111849325e-11,-9.476105256157783e-23,8.153751965067968e-15,-1.0248295695623031e-22
0.0014341932132156277,6.241199990138931e-08,1.561131148117922e-11,6.441802116720188e-11,1.8366345136378593e-21,1.3182005762435635e-14,8.943712637728761e-22
0.0016278067056608866,7.75162410419328e-08,1.0823306356259137e-11,1.9488992585116965e-11,-2.742947979196893e-22,4.958003935212177e-15,6.985699070959997e-23
0.0014248237557377848,6.49896274439491e-08,5.095914835334236e-12,3.863850465021747e-11,4.800705616671527e-22,6.485980256167784e-15,2.5196978509224346e-22
0.0016792914533806606,1.328925957846238e-07,2.8084275173776165e-11,4.5777205171000304e-12,4.9498673798438745e-23,-1.5690898660484575e-15,1.561937041150587e-23
0.0016983465455092028,1.3036400106360184e-07,2.4702837512365377e-11,4.81818225543358e-12,5.0591065656654526e-23,-1.6577357542770452e-15,1.4270371610910622e-23
0.0016172401877552235,1.2201514025402788e-07,2.5784265700412082e-11,1.7267414565570015e-11,-3.05764278687381e-22,-6.01616307497473e-15,-1.9813852228473904e-22
0.0019107826842752322,1.0272792359911987e-07,1.5202123710379898e-10,8.892582109990321e-11,8.769062441387822e-21,2.8032597315691722e-14,-5.477778458469708e-21
0.001957584414549324,7.49858560574253e-08,9.404578362266007e-11,8.029509526010065e-11,3.20899155681796e-21,2.161178449447987e-14,-6.19585584535396e-21
0.0016918836723123286,1.0276344133267898e-07,8.865078000622255e-11,3.015866027591857e-12,4.810365238228277e-23,-8.540619695467899e-16,-1.0852988133031645e-23
0.001735413857353105,2.0156945266759767e-07,6.963459840571707e-11,1.4095740832932059e-11,-4.355941581597822e-22,2.5076465904795638e-15,7.26777748672321e-23
0.001578501996875357,1.8349201550561688e-07,2.1011589836340927e-11,1.7449290817959726e-11,9.749771537074585e-23,6.879888964904128e-15,3.1957332234195883e-22
0.00158613124863665,1.91855218957373e-07,1.9957865648729634e-11,1.2309258889852529e-11,4.427853492196543e-23,4.859629421236705e-15,1.877825275541693e-22
0.0019499557455639636,1.2305569644886758e-07,9.785836172280283e-11,1.0796572640890822e-10,5.396751984946653e-21,3.2699579616663856e-14,-9.696963243002464e-21
0.0015571397235951557,1.0365212537436794e-07,2.8881026895873157e-11,2.922427389395e-11,5.603064400258562e-22,7.964620575673755e-15,-6.378909743199119e-22
0.0017119827552131092,1.5421808060204268e-07,2.474517830605957e-11,5.392749763302247e-12,3.961525713528734e-23,-1.772047474736918e-15,-4.807736031486697e-23
0.0015856218107940883,1.300289313906753e-07,1.1772947093106495e-11,6.907055388308557e-11,-5.811985953649777e-22,2.4735048320564984e-14,-1.881914783365346e-21
0.0016311212547417057,7.11751554453185e-08,2.4374839699456673e-11,5.168049610642402e-11,5.510982693516744e-22,1.3573576200953825e-14,1.7495143442179292e-21
0.0017089539545679091,1.382527395912774e-07,2.8808659416399502e-11,5.995498748274441e-12,5.782946934336055e-23,-1.833018808030991e-15,5.352035603735298e-23
0.001590754050845761,1.7467052584879148e-07,1.881288370372957e-11,2.527503969158962e-11,1.6304263124393927e-22,9.953472753267964e-15,5.264763319109914e-22
0.0016149456687610943,2.2583468319261804e-07,6.424763163209291e-12,3.2585413512625498e-12,2.606616895042916e-24,-1.0379327623160704e-15,-1.4679887043205046e-23
0.001891470504998949,1.1545402889430272e-07,2.030966232123092e-10,1.0207216991048948e-10,1.236054566214046e-20,3.358709809804983e-14,-7.949999046099627e-21
0.0017306054233834952,1.4499956225842865e-07,4.388638812856822e-11,6.443288525174674e-12,1.9155318809378295e-23,-1.2841743738381695e-15,-1.0664264733599697e-22
0.0016208049163852004,9.88860456712107e-08,9.287413980256871e-11,1.0544063294920276e-10,4.297892187819571e-21,3.292793778129738e-14,9.507932402861317e-21
0.001640866178610121,1.6144632027228742e-07,2.5956076006172358e-12,3.09977611086375e-11,-2.5307434887528403e-22,1.1299348413506792e-14,-1.151623517090856e-22
0.0016791955749641627,1.1066480064381109e-07,4.934605024672984e-11,7.256742284808696e-12,-1.0071003035402918e-22,-1.9025429301404474e-17,-9.335257004617487e-23
0.001647579703341168,1.1774237895329797e-07,1.956273834724928e-11,1.8307865242944894e-12,6.666526090706414e-24,-5.88283696242842e-16,-8.69494498079172e-24
0.0015620776842337947,4.752694003269295e-08,5.220722802009976e-11,1.687661982943902e-11,8.890208042220632e-23,3.2083664843333995e-15,-4.929972878043277e-22
0.0016459484553056902,1.428289682197123e-07,4.560673566617888e-12,1.468228045599196e-11,-9.342173500518595e-23,-1.7066075879485134e-15,7.554560445986354e-23
0.0016269560142132084,1.1605776875443812e-07,1.509090263425645e-11,2.6957194598960992e-11,-2.7994773869413624e-22,9.023661844128664e-15,-4.6610406309820895e-22
0.0016081669536142456,7.126956455402199e-08,5.913034839069224e-11,1.6893292108414756e-11,-4.8749627397348155e-22,8.71937990504388e-16,2.177580365919209e-22
0.001608615751417243,9.969694428015591e-08,1.0367718141433477e-11,1.5576866501380374e-11,-1.7508215000892437e-22,4.685142256909701e-15,9.236648617891114e-23
0.0015716920320009745,5.9516284720585526e-08,2.5225850663653395e-11,1.2143467061696076e-11,-1.752649338485533e-22,-8.666454551029785e-16,-1.2022762268535097e-22
